1,700,700,29.81508851,0.046871662
,,,,
2,700,1400,29.81508851,0.034801245
,,,,
3,700,2100,29.81508851,0.015616655
,,,,
4,700,2800,29.81508851,0.015670538
,,,,
5,700,3500,29.81508851,0.015620232
,,,,
6,700,4200,29.81508851,0.015606403
,,,,
7,700,4900,29.81508851,0.006537199
,,,,
8,700,5600,29.81508851,0.01561141
,,,,
9,700,6300,29.81508851,0.01560998
,,,,
10,700,7000,29.81508851,0.02212739
,,,,
11,700,7700,29.81508851,0.015618563
,,,,
12,700,8400,29.81508851,0.015623808
,,,,
13,700,9100,29.81508851,0.015610933
,,,,
14,700,9800,29.81508851,0.03979063
,,,,
15,700,10500,29.81508851,0.028131247
,,,,
16,700,11200,29.81508851,0.043151855
,,,,
17,700,11900,29.81508851,0.020071268
,,,,
18,700,12600,29.81508851,0.020076752
,,,,
19,700,13300,29.81508851,0.010006428
,,,,
20,700,14000,29.81508851,0.015625
,,,,
21,700,14700,29.81508851,0.01560688
,,,,
22,700,15400,29.81508851,0.015624285
,,,,
23,700,16100,29.81508851,0.006526232
,,,,
24,700,16800,29.81508851,0.015608549
,,,,
25,700,17500,29.81508851,0.015606403
,,,,
26,700,18200,29.81508851,0.015609026
,,,,
27,700,18900,29.81508851,0.01562953
,,,,
28,700,19600,29.81508851,0.015602589
,,,,
29,700,20300,29.81508851,0.015604496
,,,,
30,700,21000,29.81508851,0.022134304
,,,,
31,700,21700,29.81508851,0.015588999
,,,,
32,700,22400,29.81508851,0.015533686
,,,,
33,700,23100,29.81508851,0.015525103
,,,,
34,700,23800,29.81508851,0.031163454
,,,,
35,700,24500,29.81508851,0.015515089
,,,,
36,700,25200,29.81508851,0.031213284
,,,,
37,700,25900,29.81508851,0.03766942
,,,,
38,700,26600,29.81508851,0.015633821
,,,,
39,700,27300,29.81508851,0.015586615
,,,,
40,700,28000,29.81508851,0.015584946
,,,,
41,700,28700,29.81508851,0.022157669
,,,,
42,700,29400,29.81508851,0.015596628
,,,,
43,700,30100,29.81508851,0.015602827
,,,,
44,700,30800,29.81508851,0.015584946
,,,,
45,700,31500,29.81508851,0.015530825
,,,,
46,700,32200,29.81508851,0.015528679
,,,,
47,700,32900,29.81508851,0.015548468
,,,,
48,700,33600,29.81508851,0.014307976
,,,,
49,700,34300,29.81508851,0.015512705
,,,,
50,700,35000,29.81508851,0.015512228
,,,,
51,700,35700,29.81508851,0.031230688
,,,,
52,700,36400,29.81508851,0.015607119
,,,,
53,700,37100,29.81508851,0.006504536
,,,,
54,700,37800,29.81508851,0.015592813
,,,,
55,700,38500,29.81508851,0.015530586
,,,,
56,700,39200,29.81508851,0.015532732
,,,,
57,700,39900,29.81508851,0.015657425
,,,,
58,700,40600,29.81508851,0.015579939
,,,,
59,700,41300,29.81508851,0.015604019
,,,,
60,700,42000,29.81508851,0.00652504
,,,,
61,700,42700,29.81508851,0.015610456
,,,,
62,700,43400,29.81508851,0.015627861
,,,,
63,700,44100,29.81508851,0.015604019
,,,,
64,700,44800,29.81508851,0.01553297
,,,,
65,700,45500,29.81508851,0.015583754
,,,,
66,700,46200,29.81508851,0.01553297
,,,,
67,700,46900,29.81508851,0.015510082
,,,,
68,700,47600,29.81508851,0.015526056
,,,,
69,700,48300,29.81508851,0.015529633
,,,,
70,700,49000,29.81508851,0.01551342
,,,,
71,700,49700,29.81508851,0.01557827
,,,,
72,700,50400,29.81508851,0.022023201
,,,,
73,700,51100,29.81508851,0.015625715
,,,,
74,700,51800,29.81508851,0.031243324
,,,,
75,700,52500,29.81508851,0.022116423
,,,,
76,700,53200,29.81508851,0.015572786
,,,,
77,700,53900,29.81508851,0.015625
,,,,
78,700,54600,29.81508851,0.015588999
,,,,
79,700,55300,29.81508851,0.01566267
,,,,
80,700,56000,29.81508851,0.012117147
,,,,
81,700,56700,29.81508851,0.015609741
,,,,
82,700,57400,29.81508851,0.024631023
,,,,
83,700,58100,29.81508851,0.015607595
,,,,
84,700,58800,29.81508851,0.015593767
,,,,
85,700,59500,29.81508851,0.015622139
,,,,
86,700,60200,29.81508851,0.006525755
,,,,
87,700,60900,29.81508851,0.015510082
,,,,
88,700,61600,29.81508851,0.015625477
,,,,
89,700,62300,29.81508851,0.015624285
,,,,
90,700,63000,29.81508851,0.006525755
,,,,
91,700,63700,29.81508851,0.015501022
,,,,
92,700,64400,29.81508851,0.015519142
,,,,
93,700,65100,29.81508851,0.006025791
,,,,
94,700,65800,29.81508851,0.015604973
,,,,
95,700,66500,29.81508851,0.015593767
,,,,
96,700,67200,29.81508851,0.006026268
,,,,
97,700,67900,29.81508851,0.015531301
,,,,
98,700,68600,29.81508851,0.015554428
,,,,
99,700,69300,29.81508851,0.006026506
,,,,
100,700,70000,29.81508851,0.01552701
,,,,
101,700,70700,29.81508851,0.015552282
,,,,
102,700,71400,29.81508851,0.022110462
,,,,
103,700,72100,29.81508851,0.015510559
,,,,
104,700,72800,29.81508851,0.015509844
,,,,
105,700,73500,29.81508851,0.015628099
,,,,
106,700,74200,29.81508851,0.015509605
,,,,
107,700,74900,29.81508851,0.01551199
,,,,
108,700,75600,29.81508851,0.01558876
,,,,
109,700,76300,29.81508851,0.01553154
,,,,
110,700,77000,29.81508851,0.015531301
,,,,
111,700,77700,29.81508851,0.015532017
,,,,
112,700,78400,29.81508851,0.015514374
,,,,
113,700,79100,29.81508851,0.011117697
,,,,
114,700,79800,29.81508851,0.015511751
,,,,
115,700,80500,29.81508851,0.015511274
,,,,
116,700,81200,29.81508851,0.015510559
,,,,
117,700,81900,29.81508851,0.015576601
,,,,
118,700,82600,29.81508851,0.015530586
,,,,
119,700,83300,29.81508851,0.015514374
,,,,
120,700,84000,29.81508851,0.015608311
,,,,
121,700,84700,29.81508851,0.015603304
,,,,
122,700,85400,29.81508851,0.015584946
,,,,
123,700,86100,29.81508851,0.015641689
,,,,
124,700,86800,29.81508851,0.006525278
,,,,
125,700,87500,29.81508851,0.015511274
,,,,
126,700,88200,29.81508851,0.015513182
,,,,
127,700,88900,29.81508851,0.001142979
,,,,
128,700,89600,29.81508851,0.01553154
,,,,
129,700,90300,29.81508851,0.015528679
,,,,
130,700,91000,29.81508851,0.015526295
,,,,
131,700,91700,29.81508851,0.015648365
,,,,
132,700,92400,29.81508851,0.015585423
,,,,
133,700,93100,29.81508851,0.015623569
,,,,
134,700,93800,29.81508851,0.015604258
,,,,
135,700,94500,29.81508851,0.015534163
,,,,
136,700,95200,29.81508851,0.015513659
,,,,
137,700,95900,29.81508851,0.015508175
,,,,
138,700,96600,29.81508851,0.015508652
,,,,
139,700,97300,29.81508851,0.01560235
,,,,
140,700,98000,29.81508851,0.015586853
,,,,
141,700,98700,29.81508851,0.015513659
,,,,
142,700,99400,29.81508851,0.01553154
,,,,
143,700,100100,29.81508851,0.015513897
,,,,
144,700,100800,29.81508851,0.015648603
,,,,
145,700,101500,29.81508851,0.015511513
,,,,
146,700,102200,29.81508851,0.00907445
,,,,
147,700,102900,29.81508851,0.012027264
,,,,
148,700,103600,29.81508851,0.015511513
,,,,
149,700,104300,29.81508851,0.015512228
,,,,
150,700,105000,29.81508851,0.015512466
,,,,
151,700,105700,29.81508851,0.015514135
,,,,
152,700,106400,29.81508851,0.015508413
,,,,
153,700,107100,29.81508851,0.015532494
,,,,
154,700,107800,29.81508851,0.015584707
,,,,
155,700,108500,29.81508851,0.015602112
,,,,
156,700,109200,29.81508851,0.015551567
,,,,
157,700,109900,29.81508851,0.015512705
,,,,
158,700,110600,29.81508851,0.015532017
,,,,
159,700,111300,29.81508851,0.015508175
,,,,
160,700,112000,29.81508851,0.015502691
,,,,
161,700,112700,29.81508851,0.01553154
,,,,
162,700,113400,29.81508851,0.015514612
,,,,
163,700,114100,29.81508851,0.031132936
,,,,
164,700,114800,29.81508851,0.015643358
,,,,
165,700,115500,29.81508851,0.006526709
,,,,
166,700,116200,29.81508851,0.015504837
,,,,
167,700,116900,29.81508851,0.015512466
,,,,
168,700,117600,29.81508851,0.022104979
,,,,
169,700,118300,29.81508851,0.015571356
,,,,
170,700,119000,29.81508851,0.015585661
,,,,
171,700,119700,29.81508851,0.015602827
,,,,
172,700,120400,29.81508851,0.015631676
,,,,
173,700,121100,29.81508851,0.01553154
,,,,
174,700,121800,29.81508851,0.015512943
,,,,
175,700,122500,29.81508851,0.006026268
,,,,
176,700,123200,29.81508851,0.01550293
,,,,
177,700,123900,29.81508851,0.015532494
,,,,
178,700,124600,29.81508851,0.008105993
,,,,
179,700,125300,29.81508851,0.015628576
,,,,
180,700,126000,29.81508851,0.015644312
,,,,
181,700,126700,29.81508851,0.015532017
,,,,
182,700,127400,29.81508851,0.015585184
,,,,
183,700,128100,29.81508851,0.031131744
,,,,
184,700,128800,29.81508851,0.015601397
,,,,
185,700,129500,29.81508851,0.006520748
,,,,
186,700,130200,29.81508851,0.015510082
,,,,
187,700,130900,29.81508851,0.015532017
,,,,
188,700,131600,29.81508851,0.022113323
,,,,
189,700,132300,29.81508851,0.015630722
,,,,
190,700,133000,29.81508851,0.015579939
,,,,
191,700,133700,29.81508851,0.015643597
,,,,
192,700,134400,29.81508851,0.015806675
,,,,
193,700,135100,29.81508851,0.015526772
,,,,
194,700,135800,29.81508851,0.015625477
,,,,
195,700,136500,29.81508851,0.015513897
,,,,
196,700,137200,29.81508851,0.006025553
,,,,
197,700,137900,29.81508851,0.015533209
,,,,
198,700,138600,29.81508851,0.015532494
,,,,
199,700,139300,29.81508851,0.015608072
,,,,
200,700,140000,29.81508851,0.006504774
,,,,
201,700,140700,29.81508851,0.015571117
,,,,
202,700,141400,29.81508851,0.015642881
,,,,
203,700,142100,29.81508851,0.015568495
,,,,
204,700,142800,29.81508851,0.015571117
,,,,
205,700,143500,29.81508851,0.015585661
,,,,
206,700,144200,29.81508851,0.006505013
,,,,
207,700,144900,29.81508851,0.015532255
,,,,
208,700,145600,29.81508851,0.015625477
,,,,
209,700,146300,29.81508851,0.015508413
,,,,
210,700,147000,29.81508851,0.006026268
,,,,
211,700,147700,29.81508851,0.015507221
,,,,
212,700,148400,29.81508851,0.025820255
,,,,
213,700,149100,29.81508851,0.007664442
,,,,
214,700,149800,29.81508851,0.018465519
,,,,
215,700,150500,29.81508851,0.015589476
,,,,
216,700,151200,29.81508851,0.015620708
,,,,
217,700,151900,29.81508851,0.01558733
,,,,
218,700,152600,29.81508851,0.005026102
,,,,
219,700,153300,29.81508851,0.01556921
,,,,
220,700,154000,29.81508851,0.015607595
,,,,
221,700,154700,29.81508851,0.006505251
,,,,
222,700,155400,29.81508851,0.015587091
,,,,
223,700,156100,29.81508851,0.015603542
,,,,
224,700,156800,29.81508851,0.015583754
,,,,
225,700,157500,29.81508851,0.015513897
,,,,
226,700,158200,29.81508851,0.015516758
,,,,
227,700,158900,29.81508851,0.015509129
,,,,
228,700,159600,29.81508851,0.015512705
,,,,
229,700,160300,29.81508851,0.015507936
,,,,
230,700,161000,29.81508851,0.015504599
,,,,
231,700,161700,29.81508851,0.015586138
,,,,
232,700,162400,29.81508851,0.015582561
,,,,
233,700,163100,29.81508851,0.015589952
,,,,
234,700,163800,29.81508851,0.015604258
,,,,
235,700,164500,29.81508851,0.015513897
,,,,
236,700,165200,29.81508851,0.015645266
,,,,
237,700,165900,29.81508851,0.006006479
,,,,
238,700,166600,29.81508851,0.015516758
,,,,
239,700,167300,29.81508851,0.015621424
,,,,
240,700,168000,29.81508851,0.015512466
,,,,
241,700,168700,29.81508851,0.022132397
,,,,
242,700,169400,29.81508851,0.015602827
,,,,
243,700,170100,29.81508851,0.031158209
,,,,
244,700,170800,29.81508851,0.022146225
,,,,
245,700,171500,29.81508851,0.015583992
,,,,
246,700,172200,29.81508851,0.015509605
,,,,
247,700,172900,29.81508851,0.015548229
,,,,
248,700,173600,29.81508851,0.004114389
,,,,
249,700,174300,29.81508851,0.015592098
,,,,
250,700,175000,29.81508851,0.015527725
,,,,
251,700,175700,29.81508851,0.006520748
,,,,
252,700,176400,29.81508851,0.015544415
,,,,
253,700,177100,29.81508851,0.031208277
,,,,
254,700,177800,29.81508851,0.006528378
,,,,
255,700,178500,29.81508851,0.015643835
,,,,
256,700,179200,29.81508851,0.015592098
,,,,
257,700,179900,29.81508851,0.015589237
,,,,
258,700,180600,29.81508851,0.015587568
,,,,
259,700,181300,29.81508851,0.015590429
,,,,
260,700,182000,29.81508851,0.015645504
,,,,
261,700,182700,29.81508851,0.031195641
,,,,
262,700,183400,29.81508851,0.031260014
,,,,
263,700,184100,29.81508851,0.006526232
,,,,
264,700,184800,29.81508851,0.015580893
,,,,
265,700,185500,29.81508851,0.015605927
,,,,
266,700,186200,29.81508851,0.015587568
,,,,
267,700,186900,29.81508851,0.015589952
,,,,
268,700,187600,29.81508851,0.015531778
,,,,
269,700,188300,29.81508851,0.015507221
,,,,
270,700,189000,29.81508851,0.015649557
,,,,
271,700,189700,29.81508851,0.015615463
,,,,
272,700,190400,29.81508851,0.015643597
,,,,
273,700,191100,29.81508851,0.015530825
,,,,
274,700,191800,29.81508851,0.015649557
,,,,
275,700,192500,29.81508851,0.015613556
,,,,
276,700,193200,29.81508851,0.015604734
,,,,
277,700,193900,29.81508851,0.006525278
,,,,
278,700,194600,29.81508851,0.015609026
,,,,
279,700,195300,29.81508851,0.015626431
,,,,
280,700,196000,29.81508851,0.015599251
,,,,
281,700,196700,29.81508851,0.014199257
,,,,
282,700,197400,29.81508851,0.015514374
,,,,
283,700,198100,29.81508851,0.015534401
,,,,
284,700,198800,29.81508851,0.01552701
,,,,
285,700,199500,29.81508851,0.015624285
,,,,
286,700,200200,29.81508851,0.015513897
,,,,
287,700,200900,29.81508851,0.006025076
,,,,
288,700,201600,29.81508851,0.015621662
,,,,
289,700,202300,29.81508851,0.015532255
,,,,
290,700,203000,29.81508851,0.006024599
,,,,
291,700,203700,29.81508851,0.015551567
,,,,
292,700,204400,29.81508851,0.015568495
,,,,
293,700,205100,29.81508851,0.006006241
,,,,
294,700,205800,29.81508851,0.015534401
,,,,
295,700,206500,29.81508851,0.015621662
,,,,
296,700,207200,29.81508851,0.015515566
,,,,
297,700,207900,29.81508851,0.015527487
,,,,
298,700,208600,29.81508851,0.015528202
,,,,
299,700,209300,29.81508851,0.015531301
,,,,
300,700,210000,29.81508851,0.015530348
,,,,
301,700,210700,29.81508851,0.015572786
,,,,
302,700,211400,29.81508851,0.015528679
,,,,
303,700,212100,29.81508851,0.015606642
,,,,
304,700,212800,29.81508851,0.015625954
,,,,
305,700,213500,29.81508851,0.0155828
,,,,
306,700,214200,29.81508851,0.015507698
,,,,
307,700,214900,29.81508851,0.015573263
,,,,
308,700,215600,29.81508851,0.015583038
,,,,
309,700,216300,29.81508851,0.015649796
,,,,
310,700,217000,29.81508851,0.015605927
,,,,
311,700,217700,29.81508851,0.015586138
,,,,
312,700,218400,29.81508851,0.006525755
,,,,
313,700,219100,29.81508851,0.019162178
,,,,
314,700,219800,29.81508851,0.015530109
,,,,
315,700,220500,29.81508851,0.010026455
,,,,
316,700,221200,29.81508851,0.015513182
,,,,
317,700,221900,29.81508851,0.015567541
,,,,
318,700,222600,29.81508851,0.015550137
,,,,
319,700,223300,29.81508851,0.031158209
,,,,
320,700,224000,29.81508851,0.01560235
,,,,
321,700,224700,29.81508851,0.015564919
,,,,
322,700,225400,29.81508851,0.015651464
,,,,
323,700,226100,29.81508851,0.015512705
,,,,
324,700,226800,29.81508851,0.015636683
,,,,
325,700,227500,29.81508851,0.004508257
,,,,
326,700,228200,29.81508851,0.01551342
,,,,
327,700,228900,29.81508851,0.015526295
,,,,
328,700,229600,29.81508851,0.006506205
,,,,
329,700,230300,29.81508851,0.01558423
,,,,
330,700,231000,29.81508851,0.015603781
,,,,
331,700,231700,29.81508851,0.015622854
,,,,
332,700,232400,29.81508851,0.015512705
,,,,
333,700,233100,29.81508851,0.015513897
,,,,
334,700,233800,29.81508851,0.015642643
,,,,
335,700,234500,29.81508851,0.015583515
,,,,
336,700,235200,29.81508851,0.015583992
,,,,
337,700,235900,29.81508851,0.01550889
,,,,
338,700,236600,29.81508851,0.015584707
,,,,
339,700,237300,29.81508851,0.015643358
,,,,
340,700,238000,29.81508851,0.01558423
,,,,
341,700,238700,29.81508851,0.006508112
,,,,
342,700,239400,29.81508851,0.015532494
,,,,
343,700,240100,29.81508851,0.015625715
,,,,
344,700,240800,29.81508851,0.015501499
,,,,
345,700,241500,29.81508851,0.01553297
,,,,
346,700,242200,29.81508851,0.009114504
,,,,
347,700,242900,29.81508851,0.015513659
,,,,
348,700,243600,29.81508851,0.015512466
,,,,
349,700,244300,29.81508851,0.015511036
,,,,
350,700,245000,29.81508851,0.015528679
,,,,
351,700,245700,29.81508851,0.015525818
,,,,
352,700,246400,29.81508851,0.015603781
,,,,
353,700,247100,29.81508851,0.01558423
,,,,
354,700,247800,29.81508851,0.015584707
,,,,
355,700,248500,29.81508851,0.015530586
,,,,
356,700,249200,29.81508851,0.015530586
,,,,
357,700,249900,29.81508851,0.015585661
,,,,
358,700,250600,29.81508851,0.015583277
,,,,
359,700,251300,29.81508851,0.015512943
,,,,
360,700,252000,29.81508851,0.01551342
,,,,
361,700,252700,29.81508851,0.015509844
,,,,
362,700,253400,29.81508851,0.01551342
,,,,
363,700,254100,29.81508851,0.015530825
,,,,
364,700,254800,29.81508851,0.015606642
,,,,
365,700,255500,29.81508851,0.015509844
,,,,
366,700,256200,29.81508851,0.006505013
,,,,
367,700,256900,29.81508851,0.015586853
,,,,
368,700,257600,29.81508851,0.015583992
,,,,
369,700,258300,29.81508851,0.01558733
,,,,
370,700,259000,29.81508851,0.015586138
,,,,
371,700,259700,29.81508851,0.015512228
,,,,
372,700,260400,29.81508851,0.01551342
,,,,
373,700,261100,29.81508851,0.031132698
,,,,
374,700,261800,29.81508851,0.015531301
,,,,
375,700,262500,29.81508851,0.022109747
,,,,
376,700,263200,29.81508851,0.015622616
,,,,
377,700,263900,29.81508851,0.018002272
,,,,
378,700,264600,29.81508851,0.014004946
,,,,
379,700,265300,29.81508851,0.015503407
,,,,
380,700,266000,29.81508851,0.015531778
,,,,
381,700,266700,29.81508851,0.015510082
,,,,
382,700,267400,29.81508851,0.031137943
,,,,
383,700,268100,29.81508851,0.015622616
,,,,
384,700,268800,29.81508851,0.01558423
,,,,
385,700,269500,29.81508851,0.015515089
,,,,
386,700,270200,29.81508851,0.016808748
,,,,
387,700,270900,29.81508851,0.01550889
,,,,
388,700,271600,29.81508851,0.015601873
,,,,
389,700,272300,29.81508851,0.01558423
,,,,
390,700,273000,29.81508851,0.015512228
,,,,
391,700,273700,29.81508851,0.031138897
,,,,
392,700,274400,29.81508851,0.015531301
,,,,
393,700,275100,29.81508851,0.00600481
,,,,
394,700,275800,29.81508851,0.015506983
,,,,
395,700,276500,29.81508851,0.015644789
,,,,
396,700,277200,29.81508851,0.015583277
,,,,
397,700,277900,29.81508851,0.006507397
,,,,
398,700,278600,29.81508851,0.015580893
,,,,
399,700,279300,29.81508851,0.01550889
,,,,
400,700,280000,29.81508851,0.015625238
,,,,
401,700,280700,29.81508851,0.015583277
,,,,
402,700,281400,29.81508851,0.015584707
,,,,
403,700,282100,29.81508851,0.01551342
,,,,
404,700,282800,29.81508851,0.015502453
,,,,
405,700,283500,29.81508851,0.015528202
,,,,
406,700,284200,29.81508851,0.015532017
,,,,
407,700,284900,29.81508851,0.015515327
,,,,
408,700,285600,29.81508851,0.015514374
,,,,
409,700,286300,29.81508851,0.006103516
,,,,
410,700,287000,29.81508851,0.01563096
,,,,
411,700,287700,29.81508851,0.015621424
,,,,
412,700,288400,29.81508851,0.015512466
,,,,
413,700,289100,29.81508851,0.015511513
,,,,
414,700,289800,29.81508851,0.015500546
,,,,
415,700,290500,29.81508851,0.015512705
,,,,
416,700,291200,29.81508851,0.015509129
,,,,
417,700,291900,29.81508851,0.015586853
,,,,
418,700,292600,29.81508851,0.015622139
,,,,
419,700,293300,29.81508851,0.015513659
,,,,
420,700,294000,29.81508851,0.006504774
,,,,
421,700,294700,29.81508851,0.01556778
,,,,
422,700,295400,29.81508851,0.015601158
,,,,
423,700,296100,29.81508851,0.01551199
,,,,
424,700,296800,29.81508851,0.006005049
,,,,
425,700,297500,29.81508851,0.015530586
,,,,
426,700,298200,29.81508851,0.015604496
,,,,
427,700,298900,29.81508851,0.015509367
,,,,
428,700,299600,29.81508851,0.006026745
,,,,
429,700,300300,29.81508851,0.015506506
,,,,
430,700,301000,29.81508851,0.015512943
,,,,
431,700,301700,29.81508851,0.015513182
,,,,
432,700,302400,29.81508851,0.046834469
,,,,
433,700,303100,29.81508851,0.015621424
,,,,
434,700,303800,29.81508851,0.015607119
,,,,
435,700,304500,29.81508851,0.015608072
,,,,
436,700,305200,29.81508851,0.015586138
,,,,
437,700,305900,29.81508851,0.015608788
,,,,
438,700,306600,29.81508851,0.015606403
,,,,
439,700,307300,29.81508851,0.015607119
,,,,
440,700,308000,29.81508851,0.015601635
,,,,
441,700,308700,29.81508851,0.015604258
,,,,
442,700,309400,29.81508851,0.018430471
,,,,
443,700,310100,29.81508851,0.015533447
,,,,
444,700,310800,29.81508851,0.015532255
,,,,
445,700,311500,29.81508851,0.015497923
,,,,
446,700,312200,29.81508851,0.015525818
,,,,
447,700,312900,29.81508851,0.01553297
,,,,
448,700,313600,29.81508851,0.015627623
,,,,
449,700,314300,29.81508851,0.01553297
,,,,
450,700,315000,29.81508851,0.015624523
,,,,
451,700,315700,29.81508851,0.002130032
,,,,
452,700,316400,29.81508851,0.015620947
,,,,
453,700,317100,29.81508851,0.015640736
,,,,
454,700,317800,29.81508851,0.01553297
,,,,
455,700,318500,29.81508851,0.015606403
,,,,
456,700,319200,29.81508851,0.006021261
,,,,
457,700,319900,29.81508851,0.015579462
,,,,
458,700,320600,29.81508851,0.015583992
,,,,
459,700,321300,29.81508851,0.015584946
,,,,
460,700,322000,29.81508851,0.015590906
,,,,
461,700,322700,29.81508851,0.015532494
,,,,
462,700,323400,29.81508851,0.015515327
,,,,
463,700,324100,29.81508851,0.015627384
,,,,
464,700,324800,29.81508851,0.015625715
,,,,
465,700,325500,29.81508851,0.015585184
,,,,
466,700,326200,29.81508851,0.015587568
,,,,
467,700,326900,29.81508851,0.015603065
,,,,
468,700,327600,29.81508851,0.015584707
,,,,
469,700,328300,29.81508851,0.015531063
,,,,
470,700,329000,29.81508851,0.015533447
,,,,
471,700,329700,29.81508851,0.015509605
,,,,
472,700,330400,29.81508851,0.006505966
,,,,
473,700,331100,29.81508851,0.015645742
,,,,
474,700,331800,29.81508851,0.015512466
,,,,
475,700,332500,29.81508851,0.017831087
,,,,
476,700,333200,29.81508851,0.015623808
,,,,
477,700,333900,29.81508851,0.015604019
,,,,
478,700,334600,29.81508851,0.015603781
,,,,
479,700,335300,29.81508851,0.008509636
,,,,
480,700,336000,29.81508851,0.015531778
,,,,
481,700,336700,29.81508851,0.015625715
,,,,
482,700,337400,29.81508851,0.015512705
,,,,
483,700,338100,29.81508851,0.015586138
,,,,
484,700,338800,29.81508851,0.015623569
,,,,
485,700,339500,29.81508851,0.015585899
,,,,
486,700,340200,29.81508851,0.00652504
,,,,
487,700,340900,29.81508851,0.015508413
,,,,
488,700,341600,29.81508851,0.015573263
,,,,
489,700,342300,29.81508851,0.015504599
,,,,
490,700,343000,29.81508851,0.015512228
,,,,
491,700,343700,29.81508851,0.015528202
,,,,
492,700,344400,29.81508851,0.015581369
,,,,
493,700,345100,29.81508851,0.006508589
,,,,
494,700,345800,29.81508851,0.015549183
,,,,
495,700,346500,29.81508851,0.015627146
,,,,
496,700,347200,29.81508851,0.006006956
,,,,
497,700,347900,29.81508851,0.015514135
,,,,
498,700,348600,29.81508851,0.015623569
,,,,
499,700,349300,29.81508851,0.015566826
,,,,
500,700,350000,29.81508851,0.006506205
,,,,
501,700,350700,29.81508851,0.015624046
,,,,
502,700,351400,29.81508851,0.015635729
,,,,
503,700,352100,29.81508851,0.01560688
,,,,
504,700,352800,29.81508851,0.03123641
,,,,
505,700,353500,29.81508851,0.031242609
,,,,
506,700,354200,29.81508851,0.006026745
,,,,
507,700,354900,29.81508851,0.01553154
,,,,
508,700,355600,29.81508851,0.015620232
,,,,
509,700,356300,29.81508851,0.015507936
,,,,
510,700,357000,29.81508851,0.001164436
,,,,
511,700,357700,29.81508851,0.01560688
,,,,
512,700,358400,29.81508851,0.015552044
,,,,
513,700,359100,29.81508851,0.011024714
,,,,
514,700,359800,29.81508851,0.015526056
,,,,
515,700,360500,29.81508851,0.015619516
,,,,
516,700,361200,29.81508851,0.015605688
,,,,
517,700,361900,29.81508851,0.015585899
,,,,
518,700,362600,29.81508851,0.002122641
,,,,
519,700,363300,29.81508851,0.015514851
,,,,
520,700,364000,29.81508851,0.01558423
,,,,
521,700,364700,29.81508851,0.015633821
,,,,
522,700,365400,29.81508851,0
,,,,
523,700,366100,29.81508851,0.015583992
,,,,
524,700,366800,29.81508851,0.015551567
,,,,
525,700,367500,29.81508851,0.015609503
,,,,
526,700,368200,29.81508851,0.015586376
,,,,
527,700,368900,29.81508851,0.015523434
,,,,
528,700,369600,29.81508851,0.015553713
,,,,
529,700,370300,29.81508851,0.006507635
,,,,
530,700,371000,29.81508851,0.015625238
,,,,
531,700,371700,29.81508851,0.015507698
,,,,
532,700,372400,29.81508851,0.015510321
,,,,
533,700,373100,29.81508851,0.015513659
,,,,
534,700,373800,29.81508851,0.015509605
,,,,
535,700,374500,29.81508851,0.015546322
,,,,
536,700,375200,29.81508851,0.031134129
,,,,
537,700,375900,29.81508851,0.015597582
,,,,
538,700,376600,29.81508851,0.006509066
,,,,
539,700,377300,29.81508851,0.015621662
,,,,
540,700,378000,29.81508851,0.015520573
,,,,
541,700,378700,29.81508851,0.015625715
,,,,
542,700,379400,29.81508851,0.015312672
,,,,
543,700,380100,29.81508851,0.015534401
,,,,
544,700,380800,29.81508851,0.015604496
,,,,
545,700,381500,29.81508851,0.012007236
,,,,
546,700,382200,29.81508851,0.015513897
,,,,
547,700,382900,29.81508851,0.015512705
,,,,
548,700,383600,29.81508851,0.015509367
,,,,
549,700,384300,29.81508851,0
,,,,
550,700,385000,29.81508851,0.015625954
,,,,
551,700,385700,29.81508851,0.015508175
,,,,
552,700,386400,29.81508851,0.015513659
,,,,
553,700,387100,29.81508851,0.015514374
,,,,
554,700,387800,29.81508851,0.015566826
,,,,
555,700,388500,29.81508851,0.046820402
,,,,
556,700,389200,29.81508851,0.031228304
,,,,
557,700,389900,29.81508851,0.015586138
,,,,
558,700,390600,29.81508851,0.015602827
,,,,
559,700,391300,29.81508851,0.015513659
,,,,
560,700,392000,29.81508851,0.015513897
,,,,
561,700,392700,29.81508851,0.015506506
,,,,
562,700,393400,29.81508851,0.015568733
,,,,
563,700,394100,29.81508851,0.031214476
,,,,
564,697,393108,29.81508851,0.015639305
,,,,
565,700,395500,29.81508851,0.006508589
,,,,
566,700,396200,29.81508851,0.015512943
,,,,
567,691,391797,29.81508851,0.015624762
,,,,
568,688,390784,29.81508851,0.015585661
,,,,
569,688,391472,29.81508851,0.006525517
,,,,
570,688,392160,29.81508851,0.015513659
,,,,
571,683,389993,29.81508851,0.015532494
,,,,
572,683,390676,29.81508851,0.021419764
,,,,
573,682,390786,29.81508851,0.02196908
,,,,
574,681,390894,29.81508851,0.01608777
,,,,
575,680,391000,29.81508851,0.037852049
,,,,
576,677,389952,29.81508851,0.01798296
,,,,
577,681,392937,29.81508851,0.020987749
,,,,
578,674,389572,29.81508851,0.021987915
,,,,
579,680,393720,29.81508851,0.035974026
,,,,
580,675,391500,29.81508851,0.020984888
,,,,
581,670,389270,29.81508851,0.011583328
,,,,
582,665,387030,29.81508851,0.015607834
,,,,
583,662,385946,29.81508851,0.015551329
,,,,
584,670,391280,29.81508851,0.015641451
,,,,
585,674,394290,29.81508851,0.015603542
,,,,
586,673,394378,29.81508851,0
,,,,
587,673,395051,29.81508851,0.015585184
,,,,
588,672,395136,29.81508851,0.015582085
,,,,
589,679,399931,29.81508851,0.01553297
,,,,
590,678,400020,29.81508851,0.015550613
,,,,
591,678,400698,29.81508851,0.006505728
,,,,
592,675,399600,29.81508851,0.015533924
,,,,
593,677,401461,29.81508851,0.015511274
,,,,
594,677,402138,29.81508851,0.015513659
,,,,
595,673,400435,29.81508851,0.015508175
,,,,
596,676,402896,29.81508851,0.015625954
,,,,
597,667,398199,29.81508851,0.015642643
,,,,
598,665,397670,29.81508851,0.006505728
,,,,
599,668,400132,29.81508851,0
,,,,
600,667,400200,29.81508851,0
,,,,
601,660,396660,29.81508851,0
,,,,
602,660,397320,29.81508851,0.031137228
,,,,
603,655,394965,29.81508851,0.015646219
,,,,
604,641,387164,29.81508851,0.006508827
,,,,
605,652,394460,29.81508851,0.015563011
,,,,
606,656,397536,29.81508851,0.019303799
,,,,
607,662,401834,29.81508851,0
,,,,
608,668,406144,29.81508851,0
,,,,
609,672,409248,29.81508851,0
,,,,
610,670,408700,29.81508851,0.053319454
,,,,
611,685,418535,29.81508851,0.015601635
,,,,
612,681,416772,29.81508851,0
,,,,
613,686,420518,29.81508851,0
,,,,
614,684,419976,29.81508851,0.006507158
,,,,
615,692,425580,29.81508851,0
,,,,
616,685,421960,29.81508851,0.015615702
,,,,
617,684,422028,29.81508851,0
,,,,
618,689,425802,29.81508851,0.006005764
,,,,
619,695,430205,29.81508851,0
,,,,
620,688,426560,29.81508851,0.015623569
,,,,
621,687,426627,29.81508851,0.015624762
,,,,
622,685,426070,29.81508851,0
,,,,
623,687,428001,29.81508851,0
,,,,
624,691,431184,29.81508851,0
,,,,
625,691,431875,29.81508851,0
,,,,
626,692,433192,29.81508851,0.00602603
,,,,
627,691,433257,29.81508851,0
,,,,
628,690,433320,29.81508851,0.015625715
,,,,
629,687,432123,29.81508851,0
,,,,
630,696,438480,29.81508851,0.015623569
,,,,
631,695,438545,29.81508851,0
,,,,
632,692,437344,29.81508851,0
,,,,
633,700,443100,29.81508851,0.022027969
,,,,
634,691,438094,29.81508851,0
,,,,
635,695,441325,29.81508851,0
,,,,
636,696,442656,29.81508851,0
,,,,
637,698,444626,29.81508851,0.006508112
,,,,
638,700,446600,29.81508851,0
,,,,
639,698,446022,29.81508851,0
,,,,
640,698,446720,29.81508851,0
,,,,
641,696,446136,29.81508851,0
,,,,
642,699,448758,29.81508851,0.015639067
,,,,
643,694,446242,29.81508851,0.003118515
,,,,
644,700,450800,29.81508851,0
,,,,
645,697,449565,29.81508851,0
,,,,
646,700,452200,29.81508851,0.015619755
,,,,
647,700,452900,29.81508851,0
,,,,
648,698,452304,29.81508851,0
,,,,
649,699,453651,29.81508851,0.0221591
,,,,
650,700,455000,29.81508851,0
,,,,
651,700,455700,29.81508851,0.001407385
,,,,
652,700,456400,29.81508851,0
,,,,
653,698,455794,29.81508851,0.031163454
,,,,
654,700,457800,29.81508851,0.015616894
,,,,
655,700,458500,29.81508851,0
,,,,
656,700,459200,29.81508851,0.006510973
,,,,
657,700,459900,29.81508851,0.015631437
,,,,
658,700,460600,29.81508851,0.015583754
,,,,
659,699,460641,29.81508851,0.015625954
,,,,
660,700,462000,29.81508851,0
,,,,
661,700,462700,29.81508851,0.006520033
,,,,
662,700,463400,29.81508851,0.015645266
,,,,
663,700,464100,29.81508851,0.015607834
,,,,
664,700,464800,29.81508851,0
,,,,
665,700,465500,29.81508851,0.015625
,,,,
666,700,466200,29.81508851,0.031235456
,,,,
667,697,464899,29.81508851,0.015601635
,,,,
668,697,465596,29.81508851,0.015643835
,,,,
669,700,468300,29.81508851,0.015590191
,,,,
670,696,466320,29.81508851,0
,,,,
671,700,469700,29.81508851,0
,,,,
672,700,470400,29.81508851,0.006508589
,,,,
673,700,471100,29.81508851,0.01562953
,,,,
674,700,471800,29.81508851,0
,,,,
675,700,472500,29.81508851,0.015644312
,,,,
676,700,473200,29.81508851,0.015603065
,,,,
677,700,473900,29.81508851,0.006027937
,,,,
678,700,474600,29.81508851,0
,,,,
679,700,475300,29.81508851,0.015567541
,,,,
680,700,476000,29.81508851,0
,,,,
681,700,476700,29.81508851,0
,,,,
682,700,477400,29.81508851,0
,,,,
683,700,478100,29.81508851,0.00214839
,,,,
684,700,478800,29.81508851,0.01550436
,,,,
685,700,479500,29.81508851,0
,,,,
686,700,480200,29.81508851,0
,,,,
687,700,480900,29.81508851,0
,,,,
688,700,481600,29.81508851,0.006025791
,,,,
689,700,482300,29.81508851,0.015532017
,,,,
690,700,483000,29.81508851,0
,,,,
691,700,483700,29.81508851,0
,,,,
692,700,484400,29.81508851,0
,,,,
693,700,485100,29.81508851,0.015644312
,,,,
694,700,485800,29.81508851,0
,,,,
695,700,486500,29.81508851,0.037802696
,,,,
696,700,487200,29.81508851,0
,,,,
697,700,487900,29.81508851,0
,,,,
698,700,488600,29.81508851,0
,,,,
699,700,489300,29.81508851,0
,,,,
700,700,490000,29.81508851,0.015601873
,,,,
701,700,490700,29.81508851,0.015606642
,,,,
702,700,491400,29.81508851,0
,,,,
703,700,492100,29.81508851,0
,,,,
704,700,492800,29.81508851,0.015599489
,,,,
705,700,493500,29.81508851,0.006004572
,,,,
706,700,494200,29.81508851,0.015594006
,,,,
707,700,494900,29.81508851,0
,,,,
708,700,495600,29.81508851,0.01563859
,,,,
709,700,496300,29.81508851,0.00600481
,,,,
710,700,497000,29.81508851,0
,,,,
711,700,497700,29.81508851,0
,,,,
712,700,498400,29.81508851,0.015621424
,,,,
713,700,499100,29.81508851,0.006025791
,,,,
714,700,499800,29.81508851,0
,,,,
715,700,500500,29.81508851,0.015659571
,,,,
716,700,501200,29.81508851,0.015533447
,,,,
717,700,501900,29.81508851,0.037291288
,,,,
718,700,502600,29.81508851,0
,,,,
719,700,503300,29.81508851,0.002378941
,,,,
720,700,504000,29.81508851,0.03121686
,,,,
721,700,504700,29.81508851,0.015582085
,,,,
722,700,505400,29.81508851,0.006509304
,,,,
723,700,506100,29.81508851,0.031268835
,,,,
724,700,506800,29.81508851,0.001638651
,,,,
725,700,507500,29.81508851,0.015627861
,,,,
726,700,508200,29.81508851,0
,,,,
727,700,508900,29.81508851,0
,,,,
728,700,509600,29.81508851,0.015626192
,,,,
729,700,510300,29.81508851,0
,,,,
730,700,511000,29.81508851,0.015624762
,,,,
731,700,511700,29.81508851,0
,,,,
732,700,512400,29.81508851,0
,,,,
733,700,513100,29.81508851,0
,,,,
734,700,513800,29.81508851,0.01560092
,,,,
735,700,514500,29.81508851,0.006506443
,,,,
736,700,515200,29.81508851,0
,,,,
737,700,515900,29.81508851,0
,,,,
738,700,516600,29.81508851,0.015642166
,,,,
739,700,517300,29.81508851,0.006507397
,,,,
740,700,518000,29.81508851,0.015583754
,,,,
741,700,518700,29.81508851,0
,,,,
742,700,519400,29.81508851,0
,,,,
743,700,520100,29.81508851,0.006006718
,,,,
744,700,520800,29.81508851,0.015606403
,,,,
745,700,521500,29.81508851,0
,,,,
746,700,522200,29.81508851,0.015623093
,,,,
747,700,522900,29.81508851,0.02215147
,,,,
748,700,523600,29.81508851,0
,,,,
749,700,524300,29.81508851,0.015643835
,,,,
750,700,525000,29.81508851,0
,,,,
751,700,525700,29.81508851,0.015644073
,,,,
752,700,526400,29.81508851,0
,,,,
753,700,527100,29.81508851,0
,,,,
754,700,527800,29.81508851,0
,,,,
755,700,528500,29.81508851,0.031277418
,,,,
756,700,529200,29.81508851,0.01559639
,,,,
757,700,529900,29.81508851,0.014129639
,,,,
758,700,530600,29.81508851,0
,,,,
759,700,531300,29.81508851,0.015595913
,,,,
760,700,532000,29.81508851,0
,,,,
761,700,532700,29.81508851,0.006525755
,,,,
762,700,533400,29.81508851,0.015605211
,,,,
763,700,534100,29.81508851,0.015608311
,,,,
764,700,534800,29.81508851,0
,,,,
765,700,535500,29.81508851,0.006508112
,,,,
766,700,536200,29.81508851,0.015629768
,,,,
767,700,536900,29.81508851,0
,,,,
768,700,537600,29.81508851,0
,,,,
769,700,538300,29.81508851,0.015569925
,,,,
770,700,539000,29.81508851,0.015569925
,,,,
771,700,539700,29.81508851,0
,,,,
772,700,540400,29.81508851,0.006533384
,,,,
773,700,541100,29.81508851,0.015628576
,,,,
774,700,541800,29.81508851,0.015581846
,,,,
775,700,542500,29.81508851,0.015625
,,,,
776,700,543200,29.81508851,0.006525993
,,,,
777,700,543900,29.81508851,0.015628815
,,,,
778,700,544600,29.81508851,0.01564455
,,,,
779,700,545300,29.81508851,0.015640974
,,,,
780,700,546000,29.81508851,0.02212882
,,,,
781,700,546700,29.81508851,0.015621662
,,,,
782,700,547400,29.81508851,0.015623569
,,,,
783,700,548100,29.81508851,0.015617132
,,,,
784,700,548800,29.81508851,0.015625238
,,,,
785,700,549500,29.81508851,0.015570402
,,,,
786,700,550200,29.81508851,0
,,,,
787,700,550900,29.81508851,0.03121829
,,,,
788,700,551600,29.81508851,0.015624046
,,,,
789,700,552300,29.81508851,0.006524563
