1,700,700,30,0.051391602
,,,,
2,700,1400,30,0.037754297
,,,,
3,700,2100,30,0.031247616
,,,,
4,700,2800,30,0.031247616
,,,,
5,700,3500,30,0.03776288
,,,,
6,700,4200,30,0.031247854
,,,,
7,700,4900,30,0.022130489
,,,,
8,700,5600,30,0.045178413
,,,,
9,700,6300,30,0.015625238
,,,,
10,700,7000,30,0.018626928
,,,,
11,700,7700,30,0.031253338
,,,,
12,700,8400,30,0.031266928
,,,,
13,700,9100,30,0.015603542
,,,,
14,700,9800,30,0.022157669
,,,,
15,700,10500,30,0.031265974
,,,,
16,700,11200,30,0.015626192
,,,,
17,700,11900,30,0.022147655
,,,,
18,700,12600,30,0.015650511
,,,,
19,700,13300,30,0.01564455
,,,,
20,700,14000,30,0.036014557
,,,,
21,700,14700,30,0.022999287
,,,,
22,700,15400,30,0.021989107
,,,,
23,700,16100,30,0.024992943
,,,,
24,700,16800,30,0.022005558
,,,,
25,700,17500,30,0.00809598
,,,,
26,700,18200,30,0.015644312
,,,,
27,700,18900,30,0.015599012
,,,,
28,700,19600,30,0.026607037
,,,,
29,700,20300,30,0.031255722
,,,,
30,700,21000,30,0.031247139
,,,,
31,700,21700,30,0.037755251
,,,,
32,700,22400,30,0.046873331
,,,,
33,700,23100,30,0.044290781
,,,,
34,700,23800,30,0.040215969
,,,,
35,700,24500,30,0.04028511
,,,,
36,700,25200,30,0.042233467
,,,,
37,700,25900,30,0.030166626
,,,,
38,700,26600,30,0.025635481
,,,,
39,700,27300,30,0.030207872
,,,,
40,700,28000,30,0.019755363
,,,,
41,700,28700,30,0.030613661
,,,,
42,700,29400,30,0.031274319
,,,,
43,700,30100,30,0.031246662
,,,,
44,700,30800,30,0.037733793
,,,,
45,700,31500,30,0.031271696
,,,,
46,700,32200,30,0.016970396
,,,,
47,700,32900,30,0.015643597
,,,,
48,700,33600,30,0.015651226
,,,,
49,700,34300,30,0.039907932
,,,,
50,700,35000,30,0.025982618
,,,,
51,700,35700,30,0.046973944
,,,,
52,700,36400,30,0.041976213
,,,,
53,700,37100,30,0.040977716
,,,,
54,700,37800,30,0.036964417
,,,,
55,700,38500,30,0.040318012
,,,,
56,700,39200,30,0.028138638
,,,,
57,700,39900,30,0.029456139
,,,,
58,700,40600,30,0.015624762
,,,,
59,700,41300,30,0.015602589
,,,,
60,700,42000,30,0.018118143
,,,,
61,700,42700,30,0.015630007
,,,,
62,700,43400,30,0.01561904
,,,,
63,700,44100,30,0.031246185
,,,,
64,700,44800,30,0.02214241
,,,,
65,700,45500,30,0.031267881
,,,,
66,700,46200,30,0.015627384
,,,,
67,700,46900,30,0.037772894
,,,,
68,700,47600,30,0.031272173
,,,,
69,700,48300,30,0.015624523
,,,,
70,700,49000,30,0.02503109
,,,,
71,700,49700,30,0.021163702
,,,,
72,700,50400,30,0.015623331
,,,,
73,700,51100,30,0.015640259
,,,,
74,700,51800,30,0.031245708
,,,,
75,700,52500,30,0.015650034
,,,,
76,700,53200,30,0.031228065
,,,,
77,700,53900,30,0.031249762
,,,,
78,700,54600,30,0.022171259
,,,,
79,700,55300,30,0.031272173
,,,,
80,700,56000,30,0.015624762
,,,,
81,700,56700,30,0.027550697
,,,,
82,700,57400,30,0.027981997
,,,,
83,700,58100,30,0.028960705
,,,,
84,700,58800,30,0.027983427
,,,,
85,700,59500,30,0.025000811
,,,,
86,700,60200,30,0.024005651
,,,,
87,700,60900,30,0.022005558
,,,,
88,700,61600,30,0.023005247
,,,,
89,700,62300,30,0.018090725
,,,,
90,700,63000,30,0.031250954
,,,,
91,700,63700,30,0.015642643
,,,,
92,700,64400,30,0.026179552
,,,,
93,700,65100,30,0.015624285
,,,,
94,700,65800,30,0.03122735
,,,,
95,700,66500,30,0.031268597
,,,,
96,700,67200,30,0.015650511
,,,,
97,700,67900,30,0.031230927
,,,,
98,700,68600,30,0.031265736
,,,,
99,700,69300,30,0.022151947
,,,,
100,700,70000,30,0.031251669
,,,,
101,700,70700,30,0.031269073
,,,,
102,700,71400,30,0.037733316
,,,,
103,700,72100,30,0.031254053
,,,,
104,700,72800,30,0.015645742
,,,,
105,700,73500,30,0.015619993
,,,,
106,700,74200,30,0.019052267
,,,,
107,700,74900,30,0.015646219
,,,,
108,700,75600,30,0.01564455
,,,,
109,700,76300,30,0.015623093
,,,,
110,700,77000,30,0.015630722
,,,,
111,700,77700,30,0.031251192
,,,,
112,700,78400,30,0.032505274
,,,,
113,700,79100,30,0.018630266
,,,,
114,700,79800,30,0.031277657
,,,,
115,700,80500,30,0.031223297
,,,,
116,700,81200,30,0.027897358
,,,,
117,700,81900,30,0.02200675
,,,,
118,700,82600,30,0.021005392
,,,,
119,700,83300,30,0.024981499
,,,,
120,576,69120,30,0.019008636
,,,,
121,275,33275,30,0.022979736
,,,,
122,700,85400,30,0.019989014
,,,,
123,700,86100,30,0.02098608
,,,,
124,700,86800,30,0.021985054
,,,,
125,700,87500,30,0.023980618
,,,,
126,700,88200,30,0.022985697
,,,,
127,700,88900,30,0.021744967
,,,,
128,700,89600,30,0.026156902
,,,,
129,700,90300,30,0.031233549
,,,,
130,700,91000,30,0.015637636
,,,,
131,700,91700,30,0.022149563
,,,,
132,700,92400,30,0.015649557
,,,,
133,700,93100,30,0.030397415
,,,,
134,700,93800,30,0.019394159
,,,,
135,700,94500,30,0.026659012
,,,,
136,700,95200,30,0.031249046
,,,,
137,700,95900,30,0.031232834
,,,,
138,700,96600,30,0.015632391
,,,,
139,700,97300,30,0.031245947
,,,,
140,700,98000,30,0.031248331
,,,,
141,700,98700,30,0.028709412
,,,,
142,700,99400,30,0.017006874
,,,,
143,700,100100,30,0.031245232
,,,,
144,700,100800,30,0.015625715
,,,,
145,700,101500,30,0.01050663
,,,,
146,700,102200,30,0.015643835
,,,,
147,700,102900,30,0.015637159
,,,,
148,700,103600,30,0.03121233
,,,,
149,700,104300,30,0.015650988
,,,,
150,700,105000,30,0.031229258
,,,,
151,700,105700,30,0.031261683
,,,,
152,700,106400,30,0.029566526
,,,,
153,700,107100,30,0.022982597
,,,,
154,700,107800,30,0.029982328
,,,,
155,700,108500,30,0.024985313
,,,,
156,700,109200,30,0.03125
,,,,
157,700,109900,30,0.015624285
,,,,
158,700,110600,30,0.015624762
,,,,
159,700,111300,30,0.015628099
,,,,
160,700,112000,30,0.031269312
,,,,
161,700,112700,30,0.031236649
,,,,
162,700,113400,30,0.022119761
,,,,
163,700,114100,30,0.031253576
,,,,
164,700,114800,30,0.015625715
,,,,
165,700,115500,30,0.015643358
,,,,
166,700,116200,30,0.02217865
,,,,
167,700,116900,30,0.015623331
,,,,
168,700,117600,30,0.015643597
,,,,
169,700,118300,30,0.022150755
,,,,
170,700,119000,30,0.015648365
,,,,
171,700,119700,30,0.015619755
,,,,
172,700,120400,30,0.031251669
,,,,
173,700,121100,30,0.015632153
,,,,
174,700,121800,30,0.031245947
,,,,
175,700,122500,30,0.031249046
,,,,
176,700,123200,30,0.032213449
,,,,
177,700,123900,30,0.008078575
,,,,
178,700,124600,30,0.015623569
,,,,
179,700,125300,30,0.015625238
,,,,
180,700,126000,30,0.028148174
,,,,
181,700,126700,30,0.031246662
,,,,
182,700,127400,30,0.015644789
,,,,
183,700,128100,30,0.019660711
,,,,
184,700,128800,30,0.031272888
,,,,
185,700,129500,30,0.015622854
,,,,
186,700,130200,30,0.024580717
,,,,
187,700,130900,30,0.021001101
,,,,
188,700,131600,30,0.018756151
,,,,
189,700,132300,30,0.015624046
,,,,
190,700,133000,30,0.015602827
,,,,
191,700,133700,30,0.015632629
,,,,
192,700,134400,30,0.015616417
,,,,
193,700,135100,30,0.031247854
,,,,
194,700,135800,30,0.022152185
,,,,
195,700,136500,30,0.03127265
,,,,
196,700,137200,30,0.015624285
,,,,
197,700,137900,30,0.01563406
,,,,
198,700,138600,30,0.022110701
,,,,
199,700,139300,30,0.031274557
,,,,
200,700,140000,30,0.03122592
,,,,
201,700,140700,30,0.015623808
,,,,
202,700,141400,30,0.022154331
,,,,
203,700,142100,30,0.015622854
,,,,
204,700,142800,30,0.031247854
,,,,
205,700,143500,30,0.015623808
,,,,
206,700,144200,30,0.022133827
,,,,
207,700,144900,30,0.015620232
,,,,
208,700,145600,30,0.015623093
,,,,
209,700,146300,30,0.03776288
,,,,
210,700,147000,30,0.031259775
,,,,
211,700,147700,30,0.015625715
,,,,
212,700,148400,30,0.015610218
,,,,
213,700,149100,30,0.022129774
,,,,
214,700,149800,30,0.020754814
,,,,
215,700,150500,30,0.015623569
,,,,
216,700,151200,30,0.015624523
,,,,
217,700,151900,30,0.026675463
,,,,
218,700,152600,30,0.015624762
,,,,
219,700,153300,30,0.015640497
,,,,
220,700,154000,30,0.031247377
,,,,
221,700,154700,30,0.022138834
,,,,
222,691,153402,30,0.015646696
,,,,
223,675,150525,30,0.015636683
,,,,
224,632,141568,30,0.034311533
,,,,
225,608,136800,30,0.019003391
,,,,
226,577,130402,30,0.018987417
,,,,
227,570,129390,30,0.01509881
,,,,
228,559,127452,30,0.031246662
,,,,
229,418,95722,30,0.015634298
,,,,
230,561,129030,30,0.015624523
,,,,
231,627,144837,30,0.031246662
,,,,
232,651,151032,30,0.022129059
,,,,
233,637,148421,30,0.015651464
,,,,
234,665,155610,30,0.015642643
,,,,
235,657,154395,30,0.031247616
,,,,
236,665,156940,30,0.02212882
,,,,
237,666,157842,30,0.015650034
,,,,
238,680,161840,30,0.015622139
,,,,
239,678,162042,30,0.03123188
,,,,
240,663,159120,30,0.022166014
,,,,
241,694,167254,30,0.03125453
,,,,
242,688,166496,30,0.015623093
,,,,
243,699,169857,30,0.015624285
,,,,
244,700,170800,30,0.022131205
,,,,
245,699,171255,30,0.031257868
,,,,
246,700,172200,30,0.031244755
,,,,
247,700,172900,30,0.031247616
,,,,
248,700,173600,30,0.015630722
,,,,
249,700,174300,30,0.015624046
,,,,
250,680,170000,30,0.01560688
,,,,
251,690,173190,30,0.022132397
,,,,
252,696,175392,30,0.033809423
,,,,
253,693,175329,30,0.012088776
,,,,
254,700,177800,30,0.031249046
,,,,
255,700,178500,30,0.016142368
,,,,
256,675,172800,30,0.015615225
,,,,
257,683,175531,30,0.015624762
,,,,
258,699,180342,30,0.015625
,,,,
259,700,181300,30,0.018667459
,,,,
260,700,182000,30,0.015622854
,,,,
261,699,182439,30,0.015626192
,,,,
262,700,183400,30,0.018925428
,,,,
263,700,184100,30,0.013006687
,,,,
264,700,184800,30,0.015615463
,,,,
265,700,185500,30,0.031247616
,,,,
266,700,186200,30,0.037754059
,,,,
267,700,186900,30,0.031257153
,,,,
268,700,187600,30,0.015624046
,,,,
269,700,188300,30,0.015618563
,,,,
270,700,189000,30,0.022131443
,,,,
271,700,189700,30,0.031256437
,,,,
272,700,190400,30,0.015623093
,,,,
273,700,191100,30,0.015621901
,,,,
274,698,191252,30,0.022128105
,,,,
275,699,192225,30,0.031253815
,,,,
276,695,191820,30,0.01564312
,,,,
277,698,193346,30,0.01564312
,,,,
278,698,194044,30,0.022132635
,,,,
279,694,193626,30,0.015638351
,,,,
280,700,196000,30,0.015623331
,,,,
281,700,196700,30,0.015642405
,,,,
282,699,197118,30,0.022122622
,,,,
283,697,197251,30,0.015610933
,,,,
284,694,197096,30,0.015614748
,,,,
285,690,196650,30,0.031247377
,,,,
286,687,196482,30,0.015638828
,,,,
287,673,193151,30,0.031245708
,,,,
288,679,195552,30,0.031246662
,,,,
289,674,194786,30,0.022130013
,,,,
290,677,196330,30,0.015628576
,,,,
291,678,197298,30,0.022779465
,,,,
292,685,200020,30,0.009183645
,,,,
293,682,199826,30,0.031754017
,,,,
294,691,203154,30,0.031253815
,,,,
295,688,202960,30,0.015625477
,,,,
296,680,201280,30,0.031248331
,,,,
297,684,203148,30,0.022149563
,,,,
298,690,205620,30,0.015652895
,,,,
299,677,202423,30,0.015624523
,,,,
300,683,204900,30,0.03672719
,,,,
301,678,204078,30,0.019004345
,,,,
302,693,209286,30,0.019985199
,,,,
303,691,209373,30,0.020968437
,,,,
304,696,211584,30,0.024998188
,,,,
1,700,700,29.81508851,0.053384781
,,,,
2,700,1400,29.81508851,0.031248331
,,,,
3,700,2100,29.81508851,0.031261683
,,,,
4,700,2800,29.81508851,0.017986298
,,,,
5,700,3500,29.81508851,0.021996737
,,,,
6,700,4200,29.81508851,0.018988132
,,,,
7,700,4900,29.81508851,0.024983406
,,,,
8,700,5600,29.81508851,0.016349792
,,,,
9,700,6300,29.81508851,0.023128033
,,,,
10,700,7000,29.81508851,0.015589714
,,,,
11,700,7700,29.81508851,0.015625715
,,,,
12,700,8400,29.81508851,0.015569687
,,,,
13,700,9100,29.81508851,0.022148609
,,,,
14,700,9800,29.81508851,0.015568495
,,,,
15,700,10500,29.81508851,0.015644789
,,,,
16,700,11200,29.81508851,0.015579939
,,,,
17,700,11900,29.81508851,0.015625954
,,,,
18,700,12600,29.81508851,0.015584946
,,,,
19,700,13300,29.81508851,0.031266689
,,,,
20,700,14000,29.81508851,0.015584946
,,,,
21,700,14700,29.81508851,0.010120153
,,,,
22,700,15400,29.81508851,0.015583515
,,,,
23,700,16100,29.81508851,0.015623808
,,,,
24,700,16800,29.81508851,0.019128323
,,,,
25,700,17500,29.81508851,0.01563096
,,,,
26,700,18200,29.81508851,0.015607357
,,,,
27,700,18900,29.81508851,0.015607357
,,,,
28,700,19600,29.81508851,0.00652647
,,,,
29,700,20300,29.81508851,0.015581131
,,,,
30,700,21000,29.81508851,0.015629768
,,,,
31,700,21700,29.81508851,0.015507221
,,,,
32,700,22400,29.81508851,0.005527258
,,,,
33,700,23100,29.81508851,0.015578508
,,,,
34,700,23800,29.81508851,0.015624046
,,,,
35,700,24500,29.81508851,0.01561141
,,,,
36,700,25200,29.81508851,0.022132397
,,,,
37,700,25900,29.81508851,0.015630007
,,,,
38,700,26600,29.81508851,0.010359526
,,,,
39,700,27300,29.81508851,0.015621185
,,,,
40,700,28000,29.81508851,0.015625238
,,,,
41,700,28700,29.81508851,0.018229008
,,,,
42,700,29400,29.81508851,0.017977953
,,,,
43,700,30100,29.81508851,0.018006802
,,,,
44,700,30800,29.81508851,0.016984463
,,,,
45,700,31500,29.81508851,0.018006563
,,,,
46,700,32200,29.81508851,0.017952919
,,,,
47,700,32900,29.81508851,0.017989159
,,,,
48,700,33600,29.81508851,0.017960072
,,,,
49,700,34300,29.81508851,0.018007994
,,,,
50,700,35000,29.81508851,0.015616417
,,,,
51,700,35700,29.81508851,0.015585423
,,,,
52,700,36400,29.81508851,0.013504744
,,,,
53,700,37100,29.81508851,0.015585423
,,,,
54,700,37800,29.81508851,0.015590668
,,,,
55,700,38500,29.81508851,0.015584469
,,,,
56,700,39200,29.81508851,0.01562953
,,,,
57,700,39900,29.81508851,0.015583277
,,,,
58,700,40600,29.81508851,0.015625238
,,,,
59,700,41300,29.81508851,0.015607357
,,,,
60,700,42000,29.81508851,0.017225981
,,,,
61,700,42700,29.81508851,0.01560545
,,,,
62,700,43400,29.81508851,0.015607357
,,,,
63,700,44100,29.81508851,0.018155575
,,,,
64,700,44800,29.81508851,0.015604973
,,,,
65,700,45500,29.81508851,0.015583277
,,,,
66,700,46200,29.81508851,0.015586376
,,,,
67,700,46900,29.81508851,0.015568495
,,,,
68,700,47600,29.81508851,0.015627146
,,,,
69,700,48300,29.81508851,0.015601158
,,,,
70,700,49000,29.81508851,0.022112608
,,,,
71,700,49700,29.81508851,0.015566826
,,,,
72,700,50400,29.81508851,0.015624046
,,,,
73,700,51100,29.81508851,0.015606403
,,,,
74,700,51800,29.81508851,0.022146225
,,,,
75,700,52500,29.81508851,0.015609026
,,,,
76,700,53200,29.81508851,0.031246901
,,,,
77,700,53900,29.81508851,0.015622377
,,,,
78,700,54600,29.81508851,0.015631437
,,,,
79,700,55300,29.81508851,0.020305395
,,,,
80,700,56000,29.81508851,0.017993212
,,,,
81,700,56700,29.81508851,0.019984007
,,,,
82,700,57400,29.81508851,0.023999929
,,,,
83,700,58100,29.81508851,0.017974615
,,,,
84,700,58800,29.81508851,0.017991066
,,,,
85,700,59500,29.81508851,0.01800251
,,,,
86,700,60200,29.81508851,0.01798749
,,,,
87,700,60900,29.81508851,0.019005299
,,,,
88,700,61600,29.81508851,0.008098841
,,,,
89,700,62300,29.81508851,0.013526678
,,,,
90,700,63000,29.81508851,0.01558733
,,,,
91,700,63700,29.81508851,0.015623093
,,,,
92,700,64400,29.81508851,0.01564312
,,,,
93,700,65100,29.81508851,0.022139549
,,,,
94,700,65800,29.81508851,0.015585899
,,,,
95,700,66500,29.81508851,0.015643358
,,,,
96,700,67200,29.81508851,0.015620708
,,,,
97,700,67900,29.81508851,0.022170782
,,,,
98,700,68600,29.81508851,0.019727468
,,,,
99,700,69300,29.81508851,0.015642405
,,,,
100,700,70000,29.81508851,0.015582323
,,,,
101,700,70700,29.81508851,0.015625954
,,,,
102,700,71400,29.81508851,0.015532732
,,,,
103,700,72100,29.81508851,0.01552844
,,,,
104,700,72800,29.81508851,0.015551805
,,,,
105,700,73500,29.81508851,0.015514374
,,,,
106,700,74200,29.81508851,0.015532255
,,,,
107,700,74900,29.81508851,0.015647888
,,,,
108,700,75600,29.81508851,0.015578032
,,,,
109,700,76300,29.81508851,0.015515566
,,,,
110,700,77000,29.81508851,0.022147894
,,,,
111,700,77700,29.81508851,0.018305779
,,,,
112,700,78400,29.81508851,0.015605211
,,,,
113,700,79100,29.81508851,0.015587568
,,,,
114,700,79800,29.81508851,0.018142223
,,,,
115,700,80500,29.81508851,0.01798296
,,,,
116,700,81200,29.81508851,0.017997026
,,,,
117,700,81900,29.81508851,0.018992662
,,,,
118,700,82600,29.81508851,0.018004417
,,,,
119,700,83300,29.81508851,0.018978834
,,,,
120,700,84000,29.81508851,0.018012047
,,,,
121,700,84700,29.81508851,0.017992496
,,,,
122,700,85400,29.81508851,0.018012762
,,,,
123,700,86100,29.81508851,0.01800251
,,,,
124,700,86800,29.81508851,0.019013643
,,,,
125,700,87500,29.81508851,0.01551342
,,,,
126,700,88200,29.81508851,0.015624285
,,,,
127,700,88900,29.81508851,0.019649744
,,,,
128,700,89600,29.81508851,0.031251907
,,,,
129,700,90300,29.81508851,0.015625477
,,,,
130,700,91000,29.81508851,0.015627861
,,,,
131,700,91700,29.81508851,0.022126436
,,,,
132,700,92400,29.81508851,0.015606642
,,,,
133,700,93100,29.81508851,0.015146017
,,,,
134,700,93800,29.81508851,0.015609264
,,,,
135,700,94500,29.81508851,0.015661955
,,,,
136,700,95200,29.81508851,0.015512228
,,,,
137,700,95900,29.81508851,0.015641451
,,,,
138,700,96600,29.81508851,0.006516457
,,,,
139,700,97300,29.81508851,0.015509605
,,,,
140,700,98000,29.81508851,0.015657663
,,,,
141,700,98700,29.81508851,0.015528202
,,,,
142,700,99400,29.81508851,0.015647411
,,,,
143,700,100100,29.81508851,0.015527248
,,,,
144,700,100800,29.81508851,0.015638828
,,,,
145,700,101500,29.81508851,0.015557051
,,,,
146,700,102200,29.81508851,0.015648365
,,,,
147,700,102900,29.81508851,0.015584469
,,,,
148,700,103600,29.81508851,0.015634775
,,,,
149,700,104300,29.81508851,0.015622139
,,,,
150,700,105000,29.81508851,0.018200874
,,,,
151,700,105700,29.81508851,0.017009258
,,,,
152,700,106400,29.81508851,0.02099514
,,,,
153,700,107100,29.81508851,0.017998934
,,,,
154,700,107800,29.81508851,0.017986298
,,,,
155,700,108500,29.81508851,0.019011974
,,,,
156,700,109200,29.81508851,0.017989397
,,,,
157,700,109900,29.81508851,0.018006086
,,,,
158,700,110600,29.81508851,0.01699543
,,,,
159,700,111300,29.81508851,0.016979218
,,,,
160,700,112000,29.81508851,0.018012524
,,,,
161,700,112700,29.81508851,0.017968655
,,,,
162,700,113400,29.81508851,0.005095005
,,,,
163,700,114100,29.81508851,0.018156528
,,,,
164,700,114800,29.81508851,0.01551795
,,,,
165,700,115500,29.81508851,0.015602589
,,,,
166,700,116200,29.81508851,0.006526232
,,,,
167,700,116900,29.81508851,0.015589237
,,,,
168,700,117600,29.81508851,0.015624523
,,,,
169,700,118300,29.81508851,0.012078762
,,,,
170,700,119000,29.81508851,0.009005785
,,,,
171,700,119700,29.81508851,0.015607595
,,,,
172,700,120400,29.81508851,0.015624523
,,,,
173,700,121100,29.81508851,0.015627861
,,,,
174,700,121800,29.81508851,0.022133827
,,,,
175,700,122500,29.81508851,0.015583038
,,,,
176,700,123200,29.81508851,0.015586853
,,,,
177,700,123900,29.81508851,0.015583277
,,,,
178,700,124600,29.81508851,0.015651703
,,,,
179,700,125300,29.81508851,0.015583754
,,,,
180,700,126000,29.81508851,0.015512943
,,,,
181,700,126700,29.81508851,0.006028175
,,,,
182,700,127400,29.81508851,0.02073431
,,,,
183,700,128100,29.81508851,0.015624523
,,,,
184,700,128800,29.81508851,0.015579224
,,,,
185,700,129500,29.81508851,0.016647816
,,,,
186,700,130200,29.81508851,0.018232346
,,,,
187,700,130900,29.81508851,0.016992807
,,,,
188,700,131600,29.81508851,0.020114183
,,,,
189,700,132300,29.81508851,0.015630245
,,,,
190,700,133000,29.81508851,0.015608549
,,,,
191,700,133700,29.81508851,0.015625
,,,,
192,700,134400,29.81508851,0.015608072
,,,,
193,700,135100,29.81508851,0.015630007
,,,,
194,700,135800,29.81508851,0.015584946
,,,,
195,700,136500,29.81508851,0.015623093
,,,,
196,700,137200,29.81508851,0.015607357
,,,,
197,700,137900,29.81508851,0.015636683
,,,,
198,700,138600,29.81508851,0.01559186
,,,,
199,700,139300,29.81508851,0.015615702
,,,,
200,700,140000,29.81508851,0.022009134
,,,,
201,700,140700,29.81508851,0.03127408
,,,,
202,700,141400,29.81508851,0.015585661
,,,,
203,700,142100,29.81508851,0.015589476
,,,,
204,700,142800,29.81508851,0.015583992
,,,,
205,700,143500,29.81508851,0.015508413
,,,,
206,700,144200,29.81508851,0.011107445
,,,,
207,700,144900,29.81508851,0.015628815
,,,,
208,700,145600,29.81508851,0.015624523
,,,,
209,700,146300,29.81508851,0.015514851
,,,,
210,700,147000,29.81508851,0.015512228
,,,,
211,700,147700,29.81508851,0.015510082
,,,,
212,700,148400,29.81508851,0.015510082
,,,,
213,700,149100,29.81508851,0.015530109
,,,,
214,700,149800,29.81508851,0.015516043
,,,,
215,700,150500,29.81508851,0.01560235
,,,,
216,700,151200,29.81508851,0.022110224
,,,,
217,700,151900,29.81508851,0.015547991
,,,,
218,700,152600,29.81508851,0.015510321
,,,,
219,700,153300,29.81508851,0.049135923
,,,,
220,700,154000,29.81508851,0.028980017
,,,,
221,700,154700,29.81508851,0.016986847
,,,,
222,700,155400,29.81508851,0.0170753
,,,,
223,700,156100,29.81508851,0.015645742
,,,,
224,700,156800,29.81508851,0.01873517
,,,,
225,700,157500,29.81508851,0.009614706
,,,,
226,700,158200,29.81508851,0.008505583
,,,,
227,700,158900,29.81508851,0.01552844
,,,,
228,700,159600,29.81508851,0.015624046
,,,,
229,700,160300,29.81508851,0.01558733
,,,,
230,700,161000,29.81508851,0.022145987
,,,,
231,700,161700,29.81508851,0.015583277
,,,,
232,700,162400,29.81508851,0.015623569
,,,,
233,700,163100,29.81508851,0.015511036
,,,,
234,700,163800,29.81508851,0.022171736
,,,,
235,700,164500,29.81508851,0.015514135
,,,,
236,700,165200,29.81508851,0.015643597
,,,,
237,700,165900,29.81508851,0.015584946
,,,,
238,700,166600,29.81508851,0.015589714
,,,,
239,700,167300,29.81508851,0.01558423
,,,,
240,700,168000,29.81508851,0.017365694
,,,,
241,700,168700,29.81508851,0.015587807
,,,,
242,700,169400,29.81508851,0.015529394
,,,,
243,700,170100,29.81508851,0.018167496
,,,,
244,700,170800,29.81508851,0.015602827
,,,,
245,700,171500,29.81508851,0.015535116
,,,,
246,700,172200,29.81508851,0.015549183
,,,,
247,700,172900,29.81508851,0.015566111
,,,,
248,700,173600,29.81508851,0.015602112
,,,,
249,700,174300,29.81508851,0.022038937
,,,,
250,700,175000,29.81508851,0.002138615
,,,,
251,700,175700,29.81508851,0.015506983
,,,,
252,700,176400,29.81508851,0.015583515
,,,,
253,700,177100,29.81508851,0.019273043
,,,,
254,700,177800,29.81508851,0.017977238
,,,,
255,700,178500,29.81508851,0.016987085
,,,,
256,700,179200,29.81508851,0.018975973
,,,,
257,700,179900,29.81508851,0.01900816
,,,,
258,700,180600,29.81508851,0.018006086
,,,,
259,700,181300,29.81508851,0.00308013
,,,,
260,700,182000,29.81508851,0.015623331
,,,,
261,700,182700,29.81508851,0.024138689
,,,,
262,700,183400,29.81508851,0.015607595
,,,,
263,700,184100,29.81508851,0.015569448
,,,,
264,700,184800,29.81508851,0.006525517
,,,,
265,700,185500,29.81508851,0.015551805
,,,,
266,700,186200,29.81508851,0.015533447
,,,,
267,700,186900,29.81508851,0.022018909
,,,,
268,700,187600,29.81508851,0.015633821
,,,,
269,700,188300,29.81508851,0.015602827
,,,,
270,700,189000,29.81508851,0.031228781
,,,,
271,700,189700,29.81508851,0.006526709
,,,,
272,700,190400,29.81508851,0.015583754
,,,,
273,700,191100,29.81508851,0.0155828
,,,,
274,700,191800,29.81508851,0.015587807
,,,,
275,700,192500,29.81508851,0.010118484
,,,,
276,700,193200,29.81508851,0.015588522
,,,,
277,700,193900,29.81508851,0.015581608
,,,,
278,700,194600,29.81508851,0.003525734
,,,,
279,700,195300,29.81508851,0.015599012
,,,,
280,700,196000,29.81508851,0.015509129
,,,,
281,700,196700,29.81508851,0.006024599
,,,,
282,700,197400,29.81508851,0.01551795
,,,,
283,700,198100,29.81508851,0.015621185
,,,,
284,700,198800,29.81508851,0.015580177
,,,,
285,700,199500,29.81508851,0.006505251
,,,,
286,700,200200,29.81508851,0.015605927
,,,,
287,700,200900,29.81508851,0.015602589
,,,,
288,700,201600,29.81508851,0.015514612
,,,,
289,700,202300,29.81508851,0.017110586
,,,,
290,700,203000,29.81508851,0.017003775
,,,,
291,700,203700,29.81508851,0.016996145
,,,,
292,700,204400,29.81508851,0.017983913
,,,,
293,700,205100,29.81508851,0.018012524
,,,,
294,700,205800,29.81508851,0.016977549
,,,,
295,700,206500,29.81508851,0.018730164
,,,,
296,700,207200,29.81508851,0.015512705
,,,,
297,700,207900,29.81508851,0.015601873
,,,,
298,700,208600,29.81508851,0.031166553
,,,,
299,700,209300,29.81508851,0.015550852
,,,,
300,700,210000,29.81508851,0.006507635
,,,,
301,700,210700,29.81508851,0.015571117
,,,,
302,700,211400,29.81508851,0.015584946
,,,,
303,700,212100,29.81508851,0.015587807
,,,,
304,700,212800,29.81508851,0.015524864
,,,,
305,700,213500,29.81508851,0.015512943
,,,,
306,700,214200,29.81508851,0.037754059
,,,,
307,700,214900,29.81508851,0.033871412
,,,,
308,700,215600,29.81508851,0.031249523
,,,,
309,700,216300,29.81508851,0.019135475
,,,,
310,700,217000,29.81508851,0.015628338
,,,,
311,700,217700,29.81508851,0.015620708
,,,,
312,700,218400,29.81508851,0.015623331
,,,,
313,700,219100,29.81508851,0.022128105
,,,,
314,700,219800,29.81508851,0.015609503
,,,,
315,700,220500,29.81508851,0.015625
,,,,
316,700,221200,29.81508851,0.015550852
,,,,
317,700,221900,29.81508851,0.022135258
,,,,
318,700,222600,29.81508851,0.009526014
,,,,
319,700,223300,29.81508851,0.015604734
,,,,
320,700,224000,29.81508851,0.012507915
,,,,
321,700,224700,29.81508851,0.019405603
,,,,
322,700,225400,29.81508851,0.018013
,,,,
323,700,226100,29.81508851,0.017973423
,,,,
324,700,226800,29.81508851,0.023013353
,,,,
325,700,227500,29.81508851,0.019011736
,,,,
326,700,228200,29.81508851,0.018006325
,,,,
327,700,228900,29.81508851,0.016988039
,,,,
328,700,229600,29.81508851,0.018004894
,,,,
329,700,230300,29.81508851,0.005092859
,,,,
330,700,231000,29.81508851,0.028095961
,,,,
331,700,231700,29.81508851,0.031247377
,,,,
332,700,232400,29.81508851,0.05541563
,,,,
333,700,233100,29.81508851,0.032201529
,,,,
334,700,233800,29.81508851,0.024125814
,,,,
335,700,234500,29.81508851,0.038254023
,,,,
336,700,235200,29.81508851,0.042290449
,,,,
337,700,235900,29.81508851,0.032203674
,,,,
338,700,236600,29.81508851,0.037399054
,,,,
339,700,237300,29.81508851,0.030191898
,,,,
340,700,238000,29.81508851,0.03217721
,,,,
341,700,238700,29.81508851,0.028146267
,,,,
342,700,239400,29.81508851,0.030204296
,,,,
343,700,240100,29.81508851,0.02216363
,,,,
344,700,240800,29.81508851,0.022151709
,,,,
345,700,241500,29.81508851,0.031251669
,,,,
346,700,242200,29.81508851,0.031247854
,,,,
347,700,242900,29.81508851,0.04028821
,,,,
348,700,243600,29.81508851,0.032314301
,,,,
349,700,244300,29.81508851,0.040282488
,,,,
350,700,245000,29.81508851,0.040233612
,,,,
351,700,245700,29.81508851,0.03218174
,,,,
352,700,246400,29.81508851,0.030162811
,,,,
353,700,247100,29.81508851,0.030158043
,,,,
354,700,247800,29.81508851,0.015628576
,,,,
355,700,248500,29.81508851,0.015618801
,,,,
356,700,249200,29.81508851,0.015624285
,,,,
357,700,249900,29.81508851,0.022141218
,,,,
358,700,250600,29.81508851,0.015623569
,,,,
359,700,251300,29.81508851,0.015623808
,,,,
360,700,252000,29.81508851,0.015625715
,,,,
361,700,252700,29.81508851,0.006505251
,,,,
362,700,253400,29.81508851,0.015548468
,,,,
363,700,254100,29.81508851,0.024352312
,,,,
364,700,254800,29.81508851,0.015645027
,,,,
365,700,255500,29.81508851,0.01560545
,,,,
366,700,256200,29.81508851,0.01558876
,,,,
367,700,256900,29.81508851,0.015583515
,,,,
368,700,257600,29.81508851,0.015566349
,,,,
369,700,258300,29.81508851,0.015623093
,,,,
370,700,259000,29.81508851,0.015567303
,,,,
371,700,259700,29.81508851,0.002141476
,,,,
372,700,260400,29.81508851,0.015551329
,,,,
373,700,261100,29.81508851,0.019098997
,,,,
374,700,261800,29.81508851,0.023740053
,,,,
375,700,262500,29.81508851,0.018007278
,,,,
376,700,263200,29.81508851,0.018004179
,,,,
377,700,263900,29.81508851,0.017986774
,,,,
378,700,264600,29.81508851,0.01698184
,,,,
379,700,265300,29.81508851,0.016992331
,,,,
380,700,266000,29.81508851,0.018974543
,,,,
381,700,266700,29.81508851,0.016986132
,,,,
382,700,267400,29.81508851,0.016982079
,,,,
383,700,268100,29.81508851,0.018013477
,,,,
384,700,268800,29.81508851,0.016985178
,,,,
385,700,269500,29.81508851,0.005897045
,,,,
386,700,270200,29.81508851,0.015626431
,,,,
387,700,270900,29.81508851,0.015622377
,,,,
388,700,271600,29.81508851,0.019146919
,,,,
389,700,272300,29.81508851,0.01561904
,,,,
390,700,273000,29.81508851,0.015624285
,,,,
391,700,273700,29.81508851,0.019849062
,,,,
392,700,274400,29.81508851,0.020328045
,,,,
393,700,275100,29.81508851,0.018598557
,,,,
394,700,275800,29.81508851,0.015627623
,,,,
395,700,276500,29.81508851,0.015570879
,,,,
396,700,277200,29.81508851,0.015569687
,,,,
397,700,277900,29.81508851,0.024873972
,,,,
398,700,278600,29.81508851,0.007030249
,,,,
399,700,279300,29.81508851,0.0178864
,,,,
400,700,280000,29.81508851,0.018327951
,,,,
401,700,280700,29.81508851,0.010007858
,,,,
402,700,281400,29.81508851,0.010525942
,,,,
403,700,282100,29.81508851,0.01560545
,,,,
404,700,282800,29.81508851,0.015625
,,,,
405,700,283500,29.81508851,0.015610933
,,,,
406,700,284200,29.81508851,0.006041288
,,,,
407,700,284900,29.81508851,0.016509533
,,,,
408,700,285600,29.81508851,0.015568018
,,,,
409,700,286300,29.81508851,0.010525942
,,,,
410,700,287000,29.81508851,0.023611307
,,,,
411,700,287700,29.81508851,0.01798749
,,,,
412,700,288400,29.81508851,0.017091036
,,,,
413,700,289100,29.81508851,0.01564765
,,,,
414,700,289800,29.81508851,0.015603781
,,,,
415,700,290500,29.81508851,0.015622139
,,,,
416,700,291200,29.81508851,0.01561141
,,,,
417,700,291900,29.81508851,0.015507698
,,,,
418,700,292600,29.81508851,0.015511751
,,,,
419,700,293300,29.81508851,0.01551342
,,,,
420,700,294000,29.81508851,0.015511274
,,,,
421,700,294700,29.81508851,0.015585899
,,,,
422,700,295400,29.81508851,0.015606642
,,,,
423,700,296100,29.81508851,0.015510798
,,,,
424,700,296800,29.81508851,0.015530586
,,,,
425,700,297500,29.81508851,0.015577316
,,,,
426,700,298200,29.81508851,0.015603304
,,,,
427,700,298900,29.81508851,0.015513182
,,,,
428,700,299600,29.81508851,0.015624046
,,,,
429,700,300300,29.81508851,0.031158447
,,,,
430,700,301000,29.81508851,0.015513182
,,,,
431,700,301700,29.81508851,0.014117241
,,,,
432,700,302400,29.81508851,0.015547752
,,,,
433,700,303100,29.81508851,0.015549421
,,,,
434,700,303800,29.81508851,0.013525486
,,,,
435,700,304500,29.81508851,0.015506268
,,,,
436,700,305200,29.81508851,0.031131983
,,,,
437,700,305900,29.81508851,0.049052238
,,,,
438,700,306600,29.81508851,0.050878048
,,,,
439,700,307300,29.81508851,0.031258583
,,,,
440,700,308000,29.81508851,0.031247377
,,,,
441,700,308700,29.81508851,0.037769556
,,,,
442,700,309400,29.81508851,0.010006189
,,,,
443,700,310100,29.81508851,0.015607834
,,,,
444,700,310800,29.81508851,0.015606165
,,,,
445,700,311500,29.81508851,0.015610933
,,,,
446,700,312200,29.81508851,0.015625477
,,,,
447,700,312900,29.81508851,0.015568972
,,,,
448,700,313600,29.81508851,0.01558876
,,,,
449,700,314300,29.81508851,0.031232595
,,,,
450,700,315000,29.81508851,0.015530825
,,,,
451,700,315700,29.81508851,0.006513834
,,,,
452,700,316400,29.81508851,0.015602827
,,,,
453,700,317100,29.81508851,0.015603542
,,,,
454,700,317800,29.81508851,0.01560235
,,,,
455,700,318500,29.81508851,0.006526232
,,,,
456,700,319200,29.81508851,0.015532255
,,,,
457,700,319900,29.81508851,0.015532017
,,,,
458,700,320600,29.81508851,0.01551199
,,,,
459,700,321300,29.81508851,0.01551342
,,,,
460,700,322000,29.81508851,0.015523434
,,,,
461,700,322700,29.81508851,0.017221451
,,,,
462,700,323400,29.81508851,0.01550436
,,,,
463,700,324100,29.81508851,0.031251431
,,,,
464,700,324800,29.81508851,0.01915431
,,,,
465,700,325500,29.81508851,0.031255722
,,,,
466,700,326200,29.81508851,0.015505314
,,,,
467,700,326900,29.81508851,0.015624046
,,,,
468,700,327600,29.81508851,0.046759605
,,,,
469,700,328300,29.81508851,0.015628338
,,,,
470,700,329000,29.81508851,0.018508196
,,,,
471,700,329700,29.81508851,0.018012524
,,,,
472,700,330400,29.81508851,0.018003702
,,,,
473,700,331100,29.81508851,0.015989065
,,,,
474,700,331800,29.81508851,0.015985727
,,,,
475,700,332500,29.81508851,0.015531301
,,,,
476,700,333200,29.81508851,0.011524916
,,,,
477,700,333900,29.81508851,0.015511274
,,,,
478,700,334600,29.81508851,0.015646458
,,,,
479,700,335300,29.81508851,0.015532732
,,,,
480,700,336000,29.81508851,0.006511211
,,,,
481,700,336700,29.81508851,0.015607834
,,,,
482,700,337400,29.81508851,0.015584469
,,,,
483,700,338100,29.81508851,0.015589476
,,,,
484,700,338800,29.81508851,0.015583277
,,,,
485,700,339500,29.81508851,0.015624762
,,,,
486,700,340200,29.81508851,0.01552701
,,,,
487,700,340900,29.81508851,0.015531778
,,,,
488,700,341600,29.81508851,0.015526056
,,,,
489,700,342300,29.81508851,0.01552844
,,,,
490,700,343000,29.81508851,0.015526056
,,,,
491,699,343209,29.81508851,0.015584946
,,,,
492,700,344400,29.81508851,0.015604019
,,,,
493,700,345100,29.81508851,0.005097389
,,,,
494,700,345800,29.81508851,0.015496254
,,,,
495,700,346500,29.81508851,0.01564455
,,,,
496,700,347200,29.81508851,0.015531301
,,,,
497,700,347900,29.81508851,0.015508413
,,,,
498,700,348600,29.81508851,0.015514612
,,,,
499,700,349300,29.81508851,0.017078638
,,,,
500,700,350000,29.81508851,0.015583277
,,,,
501,700,350700,29.81508851,0.015532732
,,,,
502,700,351400,29.81508851,0.015624762
,,,,
503,700,352100,29.81508851,0.016894817
,,,,
504,700,352800,29.81508851,0.016993046
,,,,
505,700,353500,29.81508851,0.016978979
,,,,
506,700,354200,29.81508851,0.016991377
,,,,
507,700,354900,29.81508851,0.015984535
,,,,
508,700,355600,29.81508851,0.015992165
,,,,
509,700,356300,29.81508851,0.016979933
,,,,
510,700,357000,29.81508851,0.011509418
,,,,
511,700,357700,29.81508851,0.015593529
,,,,
512,700,358400,29.81508851,0.015582085
,,,,
513,700,359100,29.81508851,0.015582561
,,,,
514,700,359800,29.81508851,0.006513357
,,,,
515,700,360500,29.81508851,0.015644789
,,,,
516,700,361200,29.81508851,0.031228781
,,,,
517,700,361900,29.81508851,0.006525993
,,,,
518,700,362600,29.81508851,0.015613556
,,,,
519,700,363300,29.81508851,0.015584707
,,,,
520,700,364000,29.81508851,0
,,,,
521,700,364700,29.81508851,0.015622377
,,,,
522,700,365400,29.81508851,0.015511513
,,,,
523,700,366100,29.81508851,0.015642405
,,,,
524,700,366800,29.81508851,0.006025553
,,,,
525,700,367500,29.81508851,0.015535116
,,,,
526,700,368200,29.81508851,0.015642405
,,,,
527,700,368900,29.81508851,0.015583277
,,,,
528,700,369600,29.81508851,0.022155523
,,,,
529,700,370300,29.81508851,0.014980555
,,,,
530,700,371000,29.81508851,0.015648603
,,,,
531,700,371700,29.81508851,0.015621424
,,,,
532,700,372400,29.81508851,0.020151377
,,,,
533,700,373100,29.81508851,0.015562296
,,,,
534,700,373800,29.81508851,0.015493631
,,,,
535,700,374500,29.81508851,0.015602827
,,,,
536,700,375200,29.81508851,0.015604258
,,,,
537,700,375900,29.81508851,0.015620708
,,,,
538,700,376600,29.81508851,0.017340422
,,,,
539,700,377300,29.81508851,0.014986277
,,,,
540,700,378000,29.81508851,0.014987946
,,,,
541,700,378700,29.81508851,0.015974522
,,,,
542,700,379400,29.81508851,0.017990112
,,,,
543,700,380100,29.81508851,0.01498723
,,,,
544,700,380800,29.81508851,0.015963554
,,,,
545,700,381500,29.81508851,0.01499629
,,,,
546,700,382200,29.81508851,0.014986992
,,,,
547,700,382900,29.81508851,0.009100676
,,,,
548,700,383600,29.81508851,0.015532494
,,,,
549,700,384300,29.81508851,0.015625715
,,,,
550,700,385000,29.81508851,0
,,,,
551,700,385700,29.81508851,0.015620232
,,,,
552,700,386400,29.81508851,0.015587807
,,,,
553,700,387100,29.81508851,0.022134304
,,,,
554,700,387800,29.81508851,0.015513182
,,,,
555,700,388500,29.81508851,0.015621185
,,,,
556,700,389200,29.81508851,0.015526533
,,,,
557,700,389900,29.81508851,0.006505489
,,,,
558,700,390600,29.81508851,0.015626192
,,,,
559,700,391300,29.81508851,0.01563549
,,,,
560,700,392000,29.81508851,0.015583515
,,,,
561,700,392700,29.81508851,0.01564455
,,,,
562,700,393400,29.81508851,0.015568495
,,,,
563,700,394100,29.81508851,0.015622854
,,,,
564,700,394800,29.81508851,0.015527964
,,,,
565,699,394935,29.81508851,0.006505728
,,,,
566,700,396200,29.81508851,0.015553236
,,,,
567,690,391230,29.81508851,0.040228844
,,,,
568,695,394760,29.81508851,0.015630484
,,,,
569,693,394317,29.81508851,0.015570402
,,,,
570,694,395580,29.81508851,0.015619993
,,,,
571,689,393419,29.81508851,0.017158747
,,,,
572,687,392964,29.81508851,0.015651703
,,,,
573,685,392505,29.81508851,0.015608072
,,,,
574,681,390894,29.81508851,0
,,,,
575,685,393875,29.81508851,0.016484261
,,,,
576,679,391104,29.81508851,0.014995813
,,,,
577,680,392360,29.81508851,0.015013218
,,,,
578,678,391884,29.81508851,0.015006542
,,,,
579,678,392562,29.81508851,0.01397872
,,,,
580,677,392660,29.81508851,0.014996052
,,,,
581,674,391594,29.81508851,0.015015841
,,,,
582,674,392268,29.81508851,0.013988495
,,,,
583,670,390610,29.81508851,0.013992548
,,,,
584,675,394200,29.81508851,0.014014959
,,,,
585,671,392535,29.81508851,0.011078119
,,,,
586,672,393792,29.81508851,0
,,,,
587,674,395638,29.81508851,0.015514135
,,,,
588,675,396900,29.81508851,0
,,,,
589,679,399931,29.81508851,0.006006002
,,,,
590,679,400610,29.81508851,0
,,,,
591,680,401880,29.81508851,0.015581369
,,,,
592,684,404928,29.81508851,0.006504774
,,,,
593,684,405612,29.81508851,0.015649557
,,,,
594,679,403326,29.81508851,0.015603304
,,,,
595,681,405195,29.81508851,0.01564002
,,,,
596,681,405876,29.81508851,0
,,,,
597,676,403572,29.81508851,0.006530285
,,,,
598,665,397670,29.81508851,0.015628338
,,,,
599,674,403726,29.81508851,0
,,,,
600,669,401400,29.81508851,0
,,,,
601,664,399064,29.81508851,0.015613079
,,,,
602,667,401534,29.81508851,0.030183315
,,,,
603,658,396774,29.81508851,0.013986588
,,,,
604,660,398640,29.81508851,0.013991833
,,,,
605,662,400510,29.81508851,0.014423609
,,,,
606,668,404808,29.81508851,0.013115883
,,,,
607,673,408511,29.81508851,0.012506008
,,,,
608,669,406752,29.81508851,0
,,,,
609,684,416556,29.81508851,0
,,,,
610,678,413580,29.81508851,0.015621424
,,,,
611,687,419757,29.81508851,0.014700174
,,,,
612,687,420444,29.81508851,0.013988495
,,,,
613,692,424196,29.81508851,0.013008595
,,,,
614,691,424274,29.81508851,0.016000032
,,,,
615,698,429270,29.81508851,0.012975931
,,,,
616,693,426888,29.81508851,0.013984919
,,,,
617,693,427581,29.81508851,0.013988972
,,,,
618,699,431982,29.81508851,0.012988091
,,,,
619,696,430824,29.81508851,0.012989521
,,,,
620,693,429660,29.81508851,0.013007164
,,,,
621,693,430353,29.81508851,0.011991024
,,,,
622,692,430424,29.81508851,0.013008595
,,,,
623,694,432362,29.81508851,0.01299262
,,,,
624,693,432432,29.81508851,0.012973309
,,,,
625,697,435625,29.81508851,0.004097462
,,,,
626,691,432566,29.81508851,0.015528917
,,,,
627,698,437646,29.81508851,0.015602827
,,,,
628,694,435832,29.81508851,0
,,,,
629,696,437784,29.81508851,0
,,,,
630,694,437220,29.81508851,0
,,,,
631,698,440438,29.81508851,0.006505013
,,,,
632,699,441768,29.81508851,0
,,,,
633,700,443100,29.81508851,0
,,,,
634,697,441898,29.81508851,0.015637398
,,,,
635,697,442595,29.81508851,0.006505251
,,,,
636,698,443928,29.81508851,0
,,,,
637,700,445900,29.81508851,0.015639305
,,,,
638,700,446600,29.81508851,0
,,,,
639,700,447300,29.81508851,0.006028175
,,,,
640,698,446720,29.81508851,0
,,,,
641,700,448700,29.81508851,0.010270596
,,,,
642,697,447474,29.81508851,0.015626907
,,,,
643,699,449457,29.81508851,0.011504889
,,,,
644,696,448224,29.81508851,0
,,,,
645,698,450210,29.81508851,0.015622377
,,,,
646,700,452200,29.81508851,0
,,,,
647,699,452253,29.81508851,0.018212795
,,,,
648,700,453600,29.81508851,0
,,,,
649,700,454300,29.81508851,0
,,,,
650,700,455000,29.81508851,0.017570734
,,,,
651,700,455700,29.81508851,0.012994528
,,,,
652,700,456400,29.81508851,0.006084442
,,,,
653,700,457100,29.81508851,0.015546322
,,,,
654,700,457800,29.81508851,0
,,,,
655,700,458500,29.81508851,0.031243801
,,,,
656,700,459200,29.81508851,0.015608072
,,,,
657,700,459900,29.81508851,0.006507397
,,,,
658,700,460600,29.81508851,0.015631199
,,,,
659,700,461300,29.81508851,0
,,,,
660,700,462000,29.81508851,0
,,,,
661,700,462700,29.81508851,0.015620708
,,,,
662,700,463400,29.81508851,0.006508112
,,,,
663,700,464100,29.81508851,0
,,,,
664,700,464800,29.81508851,0.015618563
,,,,
665,700,465500,29.81508851,0
,,,,
666,700,466200,29.81508851,0.015625238
,,,,
667,697,464899,29.81508851,0
,,,,
668,697,465596,29.81508851,0
,,,,
669,697,466293,29.81508851,0.015624285
,,,,
670,699,468330,29.81508851,0.006514788
,,,,
671,700,469700,29.81508851,0
,,,,
672,700,470400,29.81508851,0.015617609
,,,,
673,700,471100,29.81508851,0.015628099
,,,,
674,700,471800,29.81508851,0
,,,,
675,700,472500,29.81508851,0.00650835
,,,,
676,700,473200,29.81508851,0
,,,,
677,700,473900,29.81508851,0
,,,,
678,700,474600,29.81508851,0.015643358
,,,,
679,700,475300,29.81508851,0.006517172
,,,,
680,700,476000,29.81508851,0.015604258
,,,,
681,700,476700,29.81508851,0.014691114
,,,,
682,700,477400,29.81508851,0.005109549
,,,,
683,700,478100,29.81508851,0.01452446
,,,,
684,700,478800,29.81508851,0.015585423
,,,,
685,700,479500,29.81508851,0.015603781
,,,,
686,700,480200,29.81508851,0.015585661
,,,,
687,700,480900,29.81508851,0
,,,,
688,700,481600,29.81508851,0
,,,,
689,700,482300,29.81508851,0.014476538
,,,,
690,700,483000,29.81508851,0.015014648
,,,,
691,700,483700,29.81508851,0.013997078
,,,,
692,700,484400,29.81508851,0.019076586
,,,,
693,700,485100,29.81508851,0.006526947
,,,,
694,700,485800,29.81508851,0
,,,,
695,700,486500,29.81508851,0.015620708
,,,,
696,700,487200,29.81508851,0
,,,,
697,700,487900,29.81508851,0.037839651
,,,,
698,700,488600,29.81508851,0.015608072
,,,,
699,700,489300,29.81508851,0.01558733
,,,,
700,700,490000,29.81508851,0.02214694
,,,,
701,700,490700,29.81508851,0
,,,,
702,700,491400,29.81508851,0.015514612
,,,,
703,700,492100,29.81508851,0.015641212
,,,,
704,700,492800,29.81508851,0.006005287
,,,,
705,700,493500,29.81508851,0.015582085
,,,,
706,700,494200,29.81508851,0.031211853
,,,,
707,700,494900,29.81508851,0.015507936
,,,,
708,700,495600,29.81508851,0.031248331
,,,,
709,700,496300,29.81508851,0.015607357
,,,,
710,700,497000,29.81508851,0.006507635
,,,,
711,700,497700,29.81508851,0.015629053
,,,,
712,700,498400,29.81508851,0.015588999
,,,,
713,700,499100,29.81508851,0.015622854
,,,,
714,700,499800,29.81508851,0
,,,,
715,700,500500,29.81508851,0.006505251
,,,,
716,700,501200,29.81508851,0
,,,,
717,700,501900,29.81508851,0.023439884
,,,,
718,700,502600,29.81508851,0
,,,,
719,700,503300,29.81508851,0.015628576
,,,,
720,700,504000,29.81508851,0.002137423
,,,,
721,700,504700,29.81508851,0.019160748
,,,,
722,700,505400,29.81508851,0
,,,,
723,700,506100,29.81508851,0.015624046
,,,,
724,700,506800,29.81508851,0.014964819
,,,,
725,700,507500,29.81508851,0.014970064
,,,,
726,700,508200,29.81508851,0.01399374
,,,,
727,700,508900,29.81508851,0.014004946
,,,,
728,700,509600,29.81508851,0.013989449
,,,,
729,700,510300,29.81508851,0.006088734
,,,,
730,700,511000,29.81508851,0.015511036
,,,,
731,700,511700,29.81508851,0
,,,,
732,700,512400,29.81508851,0.011527777
,,,,
733,700,513100,29.81508851,0.015531301
,,,,
734,700,513800,29.81508851,0
,,,,
735,700,514500,29.81508851,0.015510082
,,,,
736,700,515200,29.81508851,0
,,,,
737,700,515900,29.81508851,0
,,,,
738,700,516600,29.81508851,0
,,,,
739,700,517300,29.81508851,0.006507635
,,,,
740,700,518000,29.81508851,0.015643358
,,,,
741,700,518700,29.81508851,0
,,,,
742,700,519400,29.81508851,0.015581369
,,,,
743,700,520100,29.81508851,0.031140566
,,,,
744,700,520800,29.81508851,0.015624523
,,,,
745,700,521500,29.81508851,0.006025791
,,,,
746,700,522200,29.81508851,0
,,,,
747,700,522900,29.81508851,0
,,,,
748,700,523600,29.81508851,0.015511513
,,,,
749,700,524300,29.81508851,0
,,,,
750,700,525000,29.81508851,0.015533686
,,,,
751,700,525700,29.81508851,0.016426325
,,,,
752,700,526400,29.81508851,0.015513897
,,,,
753,700,527100,29.81508851,0.015506983
,,,,
754,700,527800,29.81508851,0.015507221
,,,,
755,700,528500,29.81508851,0.022160053
,,,,
756,700,529200,29.81508851,0.0155828
,,,,
757,700,529900,29.81508851,0.015625238
,,,,
758,700,530600,29.81508851,0.016785145
,,,,
759,700,531300,29.81508851,0.015013933
,,,,
760,700,532000,29.81508851,0.016014576
,,,,
761,700,532700,29.81508851,0.018984556
,,,,
762,700,533400,29.81508851,0.014011145
,,,,
763,700,534100,29.81508851,0.013994932
,,,,
764,700,534800,29.81508851,0.01500845
,,,,
765,700,535500,29.81508851,0.006084204
,,,,
766,700,536200,29.81508851,0.010011673
,,,,
767,700,536900,29.81508851,0.015528679
,,,,
768,700,537600,29.81508851,0.015582323
,,,,
769,700,538300,29.81508851,0.015583992
,,,,
770,700,539000,29.81508851,0.015593052
,,,,
771,700,539700,29.81508851,0.015623331
,,,,
772,700,540400,29.81508851,0.015529871
,,,,
773,700,541100,29.81508851,0.006006002
,,,,
774,700,541800,29.81508851,0
,,,,
775,700,542500,29.81508851,0.015623331
,,,,
776,700,543200,29.81508851,0.015564919
,,,,
777,700,543900,29.81508851,0
,,,,
778,700,544600,29.81508851,0.015640736
,,,,
779,700,545300,29.81508851,0
,,,,
780,700,546000,29.81508851,0.006035328
,,,,
781,700,546700,29.81508851,0
,,,,
782,700,547400,29.81508851,0.015609741
,,,,
783,700,548100,29.81508851,0.01553154
,,,,
784,700,548800,29.81508851,0.006018162
,,,,
785,700,549500,29.81508851,0
,,,,
786,700,550200,29.81508851,0.015624046
,,,,
787,700,550900,29.81508851,0
,,,,
788,700,551600,29.81508851,0.015147686
,,,,
789,700,552300,29.81508851,0.002113104
