1,100,100,29.81508851,0.001000881
,,,,
2,100,200,29.81508851,0
,,,,
3,100,300,29.81508851,0.001000881
,,,,
4,100,400,29.81508851,0.000994205
,,,,
5,100,500,29.81508851,0.00100708
,,,,
6,100,600,29.81508851,0.000999928
,,,,
7,100,700,29.81508851,0
,,,,
8,100,800,29.81508851,0
,,,,
9,100,900,29.81508851,0.000999451
,,,,
10,100,1000,29.81508851,0.000984669
,,,,
11,100,1100,29.81508851,0
,,,,
12,100,1200,29.81508851,0
,,,,
13,100,1300,29.81508851,0
,,,,
14,100,1400,29.81508851,0.000999928
,,,,
15,100,1500,29.81508851,0.000999451
,,,,
16,100,1600,29.81508851,0.000999212
,,,,
17,100,1700,29.81508851,0
,,,,
18,100,1800,29.81508851,0
,,,,
19,100,1900,29.81508851,0
,,,,
20,100,2000,29.81508851,0
,,,,
21,100,2100,29.81508851,0
,,,,
22,100,2200,29.81508851,0
,,,,
23,100,2300,29.81508851,0
,,,,
24,100,2400,29.81508851,0
,,,,
25,100,2500,29.81508851,0
,,,,
26,100,2600,29.81508851,0
,,,,
27,100,2700,29.81508851,0.001995087
,,,,
28,100,2800,29.81508851,0
,,,,
29,100,2900,29.81508851,0
,,,,
30,100,3000,29.81508851,0
,,,,
31,100,3100,29.81508851,0
,,,,
32,100,3200,29.81508851,0
,,,,
33,100,3300,29.81508851,0.000999212
,,,,
34,100,3400,29.81508851,0
,,,,
35,100,3500,29.81508851,0.000999212
,,,,
36,100,3600,29.81508851,0.005015135
,,,,
37,100,3700,29.81508851,0
,,,,
38,100,3800,29.81508851,0
,,,,
39,100,3900,29.81508851,0
,,,,
40,100,4000,29.81508851,0.000994444
,,,,
41,100,4100,29.81508851,0
,,,,
42,100,4200,29.81508851,0
,,,,
43,100,4300,29.81508851,0
,,,,
44,100,4400,29.81508851,0
,,,,
45,100,4500,29.81508851,0
,,,,
46,100,4600,29.81508851,0
,,,,
47,100,4700,29.81508851,0.001015663
,,,,
48,100,4800,29.81508851,0
,,,,
49,100,4900,29.81508851,0.000986814
,,,,
50,100,5000,29.81508851,0.000998735
,,,,
51,100,5100,29.81508851,0
,,,,
52,100,5200,29.81508851,0
,,,,
53,100,5300,29.81508851,0
,,,,
54,100,5400,29.81508851,0
,,,,
55,100,5500,29.81508851,0.001000404
,,,,
56,100,5600,29.81508851,0.000983238
,,,,
57,100,5700,29.81508851,0
,,,,
58,100,5800,29.81508851,0
,,,,
59,100,5900,29.81508851,0
,,,,
60,100,6000,29.81508851,0
,,,,
61,100,6100,29.81508851,0
,,,,
62,100,6200,29.81508851,0.00100255
,,,,
63,100,6300,29.81508851,0
,,,,
64,100,6400,29.81508851,0
,,,,
65,100,6500,29.81508851,0
,,,,
66,100,6600,29.81508851,0
,,,,
67,100,6700,29.81508851,0
,,,,
68,100,6800,29.81508851,0
,,,,
69,100,6900,29.81508851,0.003002167
,,,,
70,100,7000,29.81508851,0
,,,,
71,100,7100,29.81508851,0
,,,,
72,100,7200,29.81508851,0
,,,,
73,100,7300,29.81508851,0
,,,,
74,100,7400,29.81508851,0
,,,,
75,100,7500,29.81508851,0
,,,,
76,100,7600,29.81508851,0
,,,,
77,100,7700,29.81508851,0.000998974
,,,,
78,100,7800,29.81508851,0
,,,,
79,100,7900,29.81508851,0.001000404
,,,,
80,100,8000,29.81508851,0
,,,,
81,100,8100,29.81508851,0
,,,,
82,100,8200,29.81508851,0
,,,,
83,100,8300,29.81508851,0.000998974
,,,,
84,100,8400,29.81508851,0
,,,,
85,100,8500,29.81508851,0
,,,,
86,100,8600,29.81508851,0
,,,,
87,100,8700,29.81508851,0
,,,,
88,100,8800,29.81508851,0
,,,,
89,100,8900,29.81508851,0
,,,,
90,100,9000,29.81508851,0
,,,,
91,100,9100,29.81508851,0.001000404
,,,,
92,100,9200,29.81508851,0
,,,,
93,100,9300,29.81508851,0
,,,,
94,100,9400,29.81508851,0
,,,,
95,100,9500,29.81508851,0.000996828
,,,,
96,100,9600,29.81508851,0.000999928
,,,,
97,100,9700,29.81508851,0.000995398
,,,,
98,100,9800,29.81508851,0.000997066
,,,,
99,100,9900,29.81508851,0
,,,,
100,100,10000,29.81508851,0
,,,,
101,100,10100,29.81508851,0
,,,,
102,100,10200,29.81508851,0.001001835
,,,,
103,100,10300,29.81508851,0
,,,,
104,100,10400,29.81508851,0
,,,,
105,100,10500,29.81508851,0
,,,,
106,100,10600,29.81508851,0
,,,,
107,100,10700,29.81508851,0
,,,,
108,100,10800,29.81508851,0
,,,,
109,100,10900,29.81508851,0
,,,,
110,100,11000,29.81508851,0
,,,,
111,100,11100,29.81508851,0.000999212
,,,,
112,100,11200,29.81508851,0
,,,,
113,100,11300,29.81508851,0
,,,,
114,100,11400,29.81508851,0
,,,,
115,100,11500,29.81508851,0
,,,,
116,100,11600,29.81508851,0
,,,,
117,100,11700,29.81508851,0
,,,,
118,100,11800,29.81508851,0.000999451
,,,,
119,100,11900,29.81508851,0.000993729
,,,,
120,100,12000,29.81508851,0
,,,,
121,100,12100,29.81508851,0
,,,,
122,100,12200,29.81508851,0.000999451
,,,,
123,100,12300,29.81508851,0
,,,,
124,100,12400,29.81508851,0
,,,,
125,100,12500,29.81508851,0
,,,,
126,100,12600,29.81508851,0
,,,,
127,100,12700,29.81508851,0
,,,,
128,100,12800,29.81508851,0.000983
,,,,
129,100,12900,29.81508851,0
,,,,
130,100,13000,29.81508851,0.000995636
,,,,
131,100,13100,29.81508851,0
,,,,
132,100,13200,29.81508851,0
,,,,
133,100,13300,29.81508851,0
,,,,
134,100,13400,29.81508851,0.000999451
,,,,
135,100,13500,29.81508851,0
,,,,
136,100,13600,29.81508851,0
,,,,
137,100,13700,29.81508851,0
,,,,
138,100,13800,29.81508851,0
,,,,
139,100,13900,29.81508851,0
,,,,
140,100,14000,29.81508851,0
,,,,
141,100,14100,29.81508851,0.000997066
,,,,
142,100,14200,29.81508851,0
,,,,
143,100,14300,29.81508851,0
,,,,
144,100,14400,29.81508851,0
,,,,
145,100,14500,29.81508851,0
,,,,
146,100,14600,29.81508851,0
,,,,
147,100,14700,29.81508851,0
,,,,
148,100,14800,29.81508851,0
,,,,
149,100,14900,29.81508851,0.00199008
,,,,
150,100,15000,29.81508851,0
,,,,
151,100,15100,29.81508851,0
,,,,
152,100,15200,29.81508851,0.000995874
,,,,
153,100,15300,29.81508851,0
,,,,
154,100,15400,29.81508851,0.001003027
,,,,
155,100,15500,29.81508851,0
,,,,
156,100,15600,29.81508851,0.002007484
,,,,
157,100,15700,29.81508851,0.001004219
,,,,
158,100,15800,29.81508851,0
,,,,
159,100,15900,29.81508851,0
,,,,
160,100,16000,29.81508851,0.001000166
,,,,
161,100,16100,29.81508851,0
,,,,
162,100,16200,29.81508851,0
,,,,
163,100,16300,29.81508851,0.000999928
,,,,
164,100,16400,29.81508851,0
,,,,
165,100,16500,29.81508851,0
,,,,
166,100,16600,29.81508851,0
,,,,
167,100,16700,29.81508851,0
,,,,
168,100,16800,29.81508851,0.000992298
,,,,
169,100,16900,29.81508851,0
,,,,
170,100,17000,29.81508851,0
,,,,
171,100,17100,29.81508851,0
,,,,
172,100,17200,29.81508851,0
,,,,
173,100,17300,29.81508851,0.00101018
,,,,
174,100,17400,29.81508851,0
,,,,
175,100,17500,29.81508851,0
,,,,
176,100,17600,29.81508851,0
,,,,
177,100,17700,29.81508851,0
,,,,
178,100,17800,29.81508851,0
,,,,
179,100,17900,29.81508851,0.000991583
,,,,
180,100,18000,29.81508851,0
,,,,
181,100,18100,29.81508851,0.001010656
,,,,
182,100,18200,29.81508851,0
,,,,
183,100,18300,29.81508851,0
,,,,
184,100,18400,29.81508851,0.001002789
,,,,
185,100,18500,29.81508851,0.000954866
,,,,
186,100,18600,29.81508851,0
,,,,
187,100,18700,29.81508851,0
,,,,
188,100,18800,29.81508851,0
,,,,
189,100,18900,29.81508851,0.001017809
,,,,
190,100,19000,29.81508851,0
,,,,
191,100,19100,29.81508851,0
,,,,
192,100,19200,29.81508851,0
,,,,
193,100,19300,29.81508851,0
,,,,
194,100,19400,29.81508851,0
,,,,
195,100,19500,29.81508851,0.000998497
,,,,
196,100,19600,29.81508851,0.001000881
,,,,
197,100,19700,29.81508851,0
,,,,
198,100,19800,29.81508851,0
,,,,
199,100,19900,29.81508851,0.001001596
,,,,
200,100,20000,29.81508851,0.002015829
,,,,
201,100,20100,29.81508851,0.001003742
,,,,
202,100,20200,29.81508851,0
,,,,
203,100,20300,29.81508851,0
,,,,
204,100,20400,29.81508851,0
,,,,
205,100,20500,29.81508851,0
,,,,
206,100,20600,29.81508851,0
,,,,
207,100,20700,29.81508851,0
,,,,
208,100,20800,29.81508851,0
,,,,
209,100,20900,29.81508851,0.001009941
,,,,
210,100,21000,29.81508851,0.001002312
,,,,
211,100,21100,29.81508851,0.001003742
,,,,
212,100,21200,29.81508851,0
,,,,
213,100,21300,29.81508851,0
,,,,
214,100,21400,29.81508851,0
,,,,
215,100,21500,29.81508851,0
,,,,
216,100,21600,29.81508851,0
,,,,
217,100,21700,29.81508851,0
,,,,
218,100,21800,29.81508851,0
,,,,
219,100,21900,29.81508851,0.000985146
,,,,
220,100,22000,29.81508851,0
,,,,
221,100,22100,29.81508851,0
,,,,
222,100,22200,29.81508851,0
,,,,
223,100,22300,29.81508851,0
,,,,
224,100,22400,29.81508851,0
,,,,
225,100,22500,29.81508851,0
,,,,
226,100,22600,29.81508851,0.001003981
,,,,
227,100,22700,29.81508851,0
,,,,
228,100,22800,29.81508851,0.00098443
,,,,
229,100,22900,29.81508851,0
,,,,
230,100,23000,29.81508851,0
,,,,
231,100,23100,29.81508851,0
,,,,
232,100,23200,29.81508851,0.000987053
,,,,
233,100,23300,29.81508851,0
,,,,
234,100,23400,29.81508851,0
,,,,
235,100,23500,29.81508851,0.000997066
,,,,
236,100,23600,29.81508851,0.001004457
,,,,
237,100,23700,29.81508851,0
,,,,
238,100,23800,29.81508851,0
,,,,
239,100,23900,29.81508851,0.000988722
,,,,
240,100,24000,29.81508851,0
,,,,
241,100,24100,29.81508851,0
,,,,
242,100,24200,29.81508851,0.000997782
,,,,
243,100,24300,29.81508851,0
,,,,
244,100,24400,29.81508851,0
,,,,
245,100,24500,29.81508851,0
,,,,
246,100,24600,29.81508851,0
,,,,
247,100,24700,29.81508851,0
,,,,
248,100,24800,29.81508851,0.000988722
,,,,
249,100,24900,29.81508851,0.000988722
,,,,
250,100,25000,29.81508851,0
,,,,
251,100,25100,29.81508851,0
,,,,
252,100,25200,29.81508851,0
,,,,
253,100,25300,29.81508851,0.00100112
,,,,
254,100,25400,29.81508851,0
,,,,
255,100,25500,29.81508851,0
,,,,
256,100,25600,29.81508851,0
,,,,
257,100,25700,29.81508851,0
,,,,
258,100,25800,29.81508851,0
,,,,
259,100,25900,29.81508851,0.000991821
,,,,
260,100,26000,29.81508851,0
,,,,
261,100,26100,29.81508851,0.000998259
,,,,
262,100,26200,29.81508851,0
,,,,
263,100,26300,29.81508851,0
,,,,
264,100,26400,29.81508851,0.001993895
,,,,
265,100,26500,29.81508851,0.000997305
,,,,
266,100,26600,29.81508851,0.001010895
,,,,
267,100,26700,29.81508851,0
,,,,
268,100,26800,29.81508851,0.000983477
,,,,
269,100,26900,29.81508851,0
,,,,
270,100,27000,29.81508851,0.001004457
,,,,
271,100,27100,29.81508851,0
,,,,
272,100,27200,29.81508851,0
,,,,
273,100,27300,29.81508851,0.001000643
,,,,
274,100,27400,29.81508851,0
,,,,
275,100,27500,29.81508851,0
,,,,
276,100,27600,29.81508851,0
,,,,
277,100,27700,29.81508851,0.000991344
,,,,
278,100,27800,29.81508851,0
,,,,
279,100,27900,29.81508851,0
,,,,
280,100,28000,29.81508851,0
,,,,
281,100,28100,29.81508851,0
,,,,
282,100,28200,29.81508851,0
,,,,
283,100,28300,29.81508851,0
,,,,
284,100,28400,29.81508851,0
,,,,
285,100,28500,29.81508851,0.000993013
,,,,
286,100,28600,29.81508851,0
,,,,
287,100,28700,29.81508851,0
,,,,
288,100,28800,29.81508851,0
,,,,
289,100,28900,29.81508851,0.000982285
,,,,
290,100,29000,29.81508851,0.001009464
,,,,
291,100,29100,29.81508851,0.000984907
,,,,
292,100,29200,29.81508851,0
,,,,
293,100,29300,29.81508851,0
,,,,
294,100,29400,29.81508851,0.000998497
,,,,
295,100,29500,29.81508851,0.001004219
,,,,
296,100,29600,29.81508851,0
,,,,
297,100,29700,29.81508851,0.002011061
,,,,
298,100,29800,29.81508851,0.001011372
,,,,
299,100,29900,29.81508851,0
,,,,
300,100,30000,29.81508851,0
,,,,
301,100,30100,29.81508851,0.000989914
,,,,
302,100,30200,29.81508851,0.000988245
,,,,
303,100,30300,29.81508851,0
,,,,
304,100,30400,29.81508851,0.001006126
,,,,
305,100,30500,29.81508851,0.000983238
,,,,
306,100,30600,29.81508851,0.002013922
,,,,
307,100,30700,29.81508851,0
,,,,
308,100,30800,29.81508851,0.001002789
,,,,
309,100,30900,29.81508851,0
,,,,
310,100,31000,29.81508851,0
,,,,
311,100,31100,29.81508851,0.000998497
,,,,
312,100,31200,29.81508851,0.001004934
,,,,
313,100,31300,29.81508851,0.00100112
,,,,
314,100,31400,29.81508851,0
,,,,
315,100,31500,29.81508851,0.000994921
,,,,
316,100,31600,29.81508851,0
,,,,
317,100,31700,29.81508851,0
,,,,
318,100,31800,29.81508851,0.000985622
,,,,
319,100,31900,29.81508851,0
,,,,
320,100,32000,29.81508851,0
,,,,
321,100,32100,29.81508851,0
,,,,
322,100,32200,29.81508851,0.00099659
,,,,
323,100,32300,29.81508851,0.000988483
,,,,
324,100,32400,29.81508851,0
,,,,
325,100,32500,29.81508851,0
,,,,
326,100,32600,29.81508851,0
,,,,
327,100,32700,29.81508851,0.000980854
,,,,
328,100,32800,29.81508851,0
,,,,
329,100,32900,29.81508851,0
,,,,
330,100,33000,29.81508851,0
,,,,
331,100,33100,29.81508851,0.001986742
,,,,
332,100,33200,29.81508851,0
,,,,
333,100,33300,29.81508851,0
,,,,
334,100,33400,29.81508851,0
,,,,
335,100,33500,29.81508851,0
,,,,
336,100,33600,29.81508851,0
,,,,
337,100,33700,29.81508851,0
,,,,
338,100,33800,29.81508851,0
,,,,
339,100,33900,29.81508851,0
,,,,
340,100,34000,29.81508851,0
,,,,
341,100,34100,29.81508851,0.001997471
,,,,
342,100,34200,29.81508851,0
,,,,
343,100,34300,29.81508851,0
,,,,
344,100,34400,29.81508851,0.000986338
,,,,
345,100,34500,29.81508851,0.000983238
,,,,
346,100,34600,29.81508851,0
,,,,
347,100,34700,29.81508851,0
,,,,
348,100,34800,29.81508851,0
,,,,
349,100,34900,29.81508851,0
,,,,
350,100,35000,29.81508851,0.00099802
,,,,
351,100,35100,29.81508851,0.000998259
,,,,
352,100,35200,29.81508851,0
,,,,
353,100,35300,29.81508851,0.000996828
,,,,
354,100,35400,29.81508851,0.001001596
,,,,
355,100,35500,29.81508851,0
,,,,
356,100,35600,29.81508851,0
,,,,
357,100,35700,29.81508851,0
,,,,
358,100,35800,29.81508851,0
,,,,
359,100,35900,29.81508851,0.000997305
,,,,
360,100,36000,29.81508851,0
,,,,
361,100,36100,29.81508851,0
,,,,
362,100,36200,29.81508851,0
,,,,
363,100,36300,29.81508851,0
,,,,
364,100,36400,29.81508851,0.001000881
,,,,
365,100,36500,29.81508851,0
,,,,
366,100,36600,29.81508851,0
,,,,
367,100,36700,29.81508851,0
,,,,
368,100,36800,29.81508851,0
,,,,
369,100,36900,29.81508851,0.000984907
,,,,
370,100,37000,29.81508851,0
,,,,
371,100,37100,29.81508851,0.001008749
,,,,
372,100,37200,29.81508851,0
,,,,
373,100,37300,29.81508851,0.000996828
,,,,
374,100,37400,29.81508851,0.001003742
,,,,
375,100,37500,29.81508851,0.000989676
,,,,
376,100,37600,29.81508851,0
,,,,
377,100,37700,29.81508851,0.000982523
,,,,
378,100,37800,29.81508851,0
,,,,
379,100,37900,29.81508851,0
,,,,
380,100,38000,29.81508851,0
,,,,
381,100,38100,29.81508851,0
,,,,
382,100,38200,29.81508851,0
,,,,
383,100,38300,29.81508851,0
,,,,
384,100,38400,29.81508851,0
,,,,
385,100,38500,29.81508851,0.000994444
,,,,
386,100,38600,29.81508851,0.00103116
,,,,
387,100,38700,29.81508851,0.00098896
,,,,
388,100,38800,29.81508851,0
,,,,
389,100,38900,29.81508851,0
,,,,
390,100,39000,29.81508851,0
,,,,
391,100,39100,29.81508851,0
,,,,
392,100,39200,29.81508851,0.000953674
,,,,
393,100,39300,29.81508851,0
,,,,
394,100,39400,29.81508851,0
,,,,
395,100,39500,29.81508851,0
,,,,
396,100,39600,29.81508851,0
,,,,
397,100,39700,29.81508851,0
,,,,
398,100,39800,29.81508851,0.001006842
,,,,
399,100,39900,29.81508851,0.000999451
,,,,
400,100,40000,29.81508851,0.001017094
,,,,
401,100,40100,29.81508851,0
,,,,
402,100,40200,29.81508851,0
,,,,
403,100,40300,29.81508851,0
,,,,
404,100,40400,29.81508851,0
,,,,
405,100,40500,29.81508851,0.001000166
,,,,
406,100,40600,29.81508851,0
,,,,
407,100,40700,29.81508851,0
,,,,
408,100,40800,29.81508851,0
,,,,
409,100,40900,29.81508851,0.000944376
,,,,
410,100,41000,29.81508851,0.000995398
,,,,
411,100,41100,29.81508851,0.001012564
,,,,
412,100,41200,29.81508851,0
,,,,
413,100,41300,29.81508851,0
,,,,
414,100,41400,29.81508851,0.000983238
,,,,
415,100,41500,29.81508851,0.000999689
,,,,
416,100,41600,29.81508851,0
,,,,
417,100,41700,29.81508851,0
,,,,
418,100,41800,29.81508851,0
,,,,
419,100,41900,29.81508851,0.000989437
,,,,
420,100,42000,29.81508851,0
,,,,
421,100,42100,29.81508851,0.00098753
,,,,
422,100,42200,29.81508851,0
,,,,
423,100,42300,29.81508851,0
,,,,
424,100,42400,29.81508851,0
,,,,
425,100,42500,29.81508851,0
,,,,
426,100,42600,29.81508851,0
,,,,
427,100,42700,29.81508851,0.000982046
,,,,
428,100,42800,29.81508851,0
,,,,
429,100,42900,29.81508851,0.000999451
,,,,
430,100,43000,29.81508851,0
,,,,
431,100,43100,29.81508851,0.000999451
,,,,
432,100,43200,29.81508851,0.001006126
,,,,
433,100,43300,29.81508851,0
,,,,
434,100,43400,29.81508851,0
,,,,
435,100,43500,29.81508851,0
,,,,
436,100,43600,29.81508851,0
,,,,
437,100,43700,29.81508851,0
,,,,
438,100,43800,29.81508851,0
,,,,
439,100,43900,29.81508851,0
,,,,
440,100,44000,29.81508851,0.000996828
,,,,
441,100,44100,29.81508851,0.002012253
,,,,
442,100,44200,29.81508851,0
,,,,
443,100,44300,29.81508851,0
,,,,
444,100,44400,29.81508851,0
,,,,
445,100,44500,29.81508851,0.000996113
,,,,
446,100,44600,29.81508851,0
,,,,
447,100,44700,29.81508851,0.001007318
,,,,
448,100,44800,29.81508851,0.000956059
,,,,
449,100,44900,29.81508851,0
,,,,
450,100,45000,29.81508851,0.000948191
,,,,
451,100,45100,29.81508851,0.000992298
,,,,
452,100,45200,29.81508851,0.000988007
,,,,
453,100,45300,29.81508851,0
,,,,
454,100,45400,29.81508851,0
,,,,
455,100,45500,29.81508851,0.001006126
,,,,
456,100,45600,29.81508851,0
,,,,
457,100,45700,29.81508851,0
,,,,
458,100,45800,29.81508851,0
,,,,
459,100,45900,29.81508851,0.00100112
,,,,
460,100,46000,29.81508851,0
,,,,
461,100,46100,29.81508851,0
,,,,
462,100,46200,29.81508851,0
,,,,
463,100,46300,29.81508851,0
,,,,
464,100,46400,29.81508851,0.001001835
,,,,
465,100,46500,29.81508851,0
,,,,
466,100,46600,29.81508851,0.000989676
,,,,
467,100,46700,29.81508851,0.001015425
,,,,
468,100,46800,29.81508851,0.001002789
,,,,
469,100,46900,29.81508851,0.001000881
,,,,
470,100,47000,29.81508851,0
,,,,
471,100,47100,29.81508851,0
,,,,
472,100,47200,29.81508851,0.002997398
,,,,
473,100,47300,29.81508851,0.000987053
,,,,
474,100,47400,29.81508851,0.00100708
,,,,
475,100,47500,29.81508851,0
,,,,
476,100,47600,29.81508851,0
,,,,
477,100,47700,29.81508851,0.000993729
,,,,
478,100,47800,29.81508851,0
,,,,
479,100,47900,29.81508851,0
,,,,
480,100,48000,29.81508851,0.002987146
,,,,
481,100,48100,29.81508851,0.000997782
,,,,
482,100,48200,29.81508851,0
,,,,
483,100,48300,29.81508851,0.000988245
,,,,
484,100,48400,29.81508851,0
,,,,
485,100,48500,29.81508851,0.00100112
,,,,
486,100,48600,29.81508851,0.001006842
,,,,
487,100,48700,29.81508851,0.000995636
,,,,
488,100,48800,29.81508851,0.000990629
,,,,
489,100,48900,29.81508851,0.001001835
,,,,
490,100,49000,29.81508851,0
,,,,
491,100,49100,29.81508851,0
,,,,
492,100,49200,29.81508851,0
,,,,
493,100,49300,29.81508851,0.001013517
,,,,
494,100,49400,29.81508851,0
,,,,
495,100,49500,29.81508851,0
,,,,
496,100,49600,29.81508851,0
,,,,
497,100,49700,29.81508851,0
,,,,
498,100,49800,29.81508851,0
,,,,
499,100,49900,29.81508851,0.000988245
,,,,
500,100,50000,29.81508851,0.000993252
,,,,
501,100,50100,29.81508851,0
,,,,
502,100,50200,29.81508851,0
,,,,
503,100,50300,29.81508851,0.000993729
,,,,
504,100,50400,29.81508851,0.000999928
,,,,
505,100,50500,29.81508851,0.001003504
,,,,
506,100,50600,29.81508851,0
,,,,
507,100,50700,29.81508851,0.001005888
,,,,
508,100,50800,29.81508851,0
,,,,
509,100,50900,29.81508851,0
,,,,
510,100,51000,29.81508851,0.001000404
,,,,
511,100,51100,29.81508851,0.000991821
,,,,
512,100,51200,29.81508851,0
,,,,
513,100,51300,29.81508851,0
,,,,
514,100,51400,29.81508851,0
,,,,
515,100,51500,29.81508851,0.000992537
,,,,
516,100,51600,29.81508851,0
,,,,
517,100,51700,29.81508851,0.000981092
,,,,
518,100,51800,29.81508851,0
,,,,
519,100,51900,29.81508851,0
,,,,
520,100,52000,29.81508851,0.00097537
,,,,
521,100,52100,29.81508851,0.000993967
,,,,
522,100,52200,29.81508851,0.000977516
,,,,
523,100,52300,29.81508851,0.000994682
,,,,
524,100,52400,29.81508851,0
,,,,
525,100,52500,29.81508851,0.001003981
,,,,
526,100,52600,29.81508851,0.000997782
,,,,
527,100,52700,29.81508851,0
,,,,
528,100,52800,29.81508851,0.00099802
,,,,
529,100,52900,29.81508851,0
,,,,
530,100,53000,29.81508851,0.00099802
,,,,
531,100,53100,29.81508851,0
,,,,
532,100,53200,29.81508851,0
,,,,
533,100,53300,29.81508851,0.000997782
,,,,
534,100,53400,29.81508851,0
,,,,
535,100,53500,29.81508851,0
,,,,
536,100,53600,29.81508851,0.000985146
,,,,
537,100,53700,29.81508851,0
,,,,
538,100,53800,29.81508851,0
,,,,
539,100,53900,29.81508851,0
,,,,
540,100,54000,29.81508851,0
,,,,
541,100,54100,29.81508851,0.001000643
,,,,
542,100,54200,29.81508851,0
,,,,
543,100,54300,29.81508851,0.000985384
,,,,
544,100,54400,29.81508851,0
,,,,
545,100,54500,29.81508851,0
,,,,
546,100,54600,29.81508851,0.001000166
,,,,
547,100,54700,29.81508851,0.000991821
,,,,
548,100,54800,29.81508851,0.001000166
,,,,
549,100,54900,29.81508851,0.000974417
,,,,
550,100,55000,29.81508851,0
,,,,
551,100,55100,29.81508851,0
,,,,
552,100,55200,29.81508851,0.002012491
,,,,
553,100,55300,29.81508851,0.000999451
,,,,
554,100,55400,29.81508851,0
,,,,
555,100,55500,29.81508851,0
,,,,
556,100,55600,29.81508851,0.000982046
,,,,
557,100,55700,29.81508851,0.000982285
,,,,
558,100,55800,29.81508851,0.000984907
,,,,
559,100,55900,29.81508851,0
,,,,
560,100,56000,29.81508851,0.000943422
,,,,
561,100,56100,29.81508851,0
,,,,
562,100,56200,29.81508851,0
,,,,
563,100,56300,29.81508851,0.000996113
,,,,
564,100,56400,29.81508851,0
,,,,
565,100,56500,29.81508851,0.001013994
,,,,
566,100,56600,29.81508851,0
,,,,
567,100,56700,29.81508851,0
,,,,
568,100,56800,29.81508851,0
,,,,
569,100,56900,29.81508851,0.000996113
,,,,
570,100,57000,29.81508851,0
,,,,
571,100,57100,29.81508851,0.000996828
,,,,
572,100,57200,29.81508851,0
,,,,
573,100,57300,29.81508851,0
,,,,
574,100,57400,29.81508851,0
,,,,
575,100,57500,29.81508851,0
,,,,
576,100,57600,29.81508851,0
,,,,
577,100,57700,29.81508851,0
,,,,
578,100,57800,29.81508851,0
,,,,
579,100,57900,29.81508851,0.001000643
,,,,
580,100,58000,29.81508851,0
,,,,
581,100,58100,29.81508851,0
,,,,
582,100,58200,29.81508851,0
,,,,
583,100,58300,29.81508851,0
,,,,
584,100,58400,29.81508851,0
,,,,
585,100,58500,29.81508851,0
,,,,
586,100,58600,29.81508851,0.000986099
,,,,
587,100,58700,29.81508851,0.000990629
,,,,
588,100,58800,29.81508851,0
,,,,
589,100,58900,29.81508851,0.000999928
,,,,
590,100,59000,29.81508851,0
,,,,
591,100,59100,29.81508851,0
,,,,
592,100,59200,29.81508851,0
,,,,
593,100,59300,29.81508851,0
,,,,
594,100,59400,29.81508851,0.000996351
,,,,
595,100,59500,29.81508851,0.001018763
,,,,
596,100,59600,29.81508851,0
,,,,
597,100,59700,29.81508851,0.000999451
,,,,
598,100,59800,29.81508851,0.000996828
,,,,
599,100,59900,29.81508851,0
,,,,
600,100,60000,29.81508851,0
,,,,
601,100,60100,29.81508851,0
,,,,
602,100,60200,29.81508851,0.000980139
,,,,
603,100,60300,29.81508851,0
,,,,
604,100,60400,29.81508851,0.001000643
,,,,
605,100,60500,29.81508851,0.001003981
,,,,
606,100,60600,29.81508851,0.00099659
,,,,
607,100,60700,29.81508851,0
,,,,
608,100,60800,29.81508851,0.00099659
,,,,
609,100,60900,29.81508851,0
,,,,
610,100,61000,29.81508851,0
,,,,
611,100,61100,29.81508851,0.000945091
,,,,
612,100,61200,29.81508851,0
,,,,
613,100,61300,29.81508851,0
,,,,
614,100,61400,29.81508851,0.00100255
,,,,
615,100,61500,29.81508851,0.000990391
,,,,
616,100,61600,29.81508851,0.000994444
,,,,
617,100,61700,29.81508851,0.00098753
,,,,
618,100,61800,29.81508851,0.000997543
,,,,
619,100,61900,29.81508851,0
,,,,
620,100,62000,29.81508851,0
,,,,
621,100,62100,29.81508851,0
,,,,
622,100,62200,29.81508851,0
,,,,
623,100,62300,29.81508851,0.000947237
,,,,
624,100,62400,29.81508851,0.001003265
,,,,
625,100,62500,29.81508851,0
,,,,
626,100,62600,29.81508851,0.000994921
,,,,
627,100,62700,29.81508851,0
,,,,
628,100,62800,29.81508851,0
,,,,
629,100,62900,29.81508851,0.000993967
,,,,
630,100,63000,29.81508851,0.001002312
,,,,
631,100,63100,29.81508851,0
,,,,
632,100,63200,29.81508851,0
,,,,
633,100,63300,29.81508851,0
,,,,
634,100,63400,29.81508851,0.000988722
,,,,
635,100,63500,29.81508851,0.001003265
,,,,
636,100,63600,29.81508851,0
,,,,
637,100,63700,29.81508851,0
,,,,
638,100,63800,29.81508851,0.000991106
,,,,
639,100,63900,29.81508851,0
,,,,
640,100,64000,29.81508851,0
,,,,
641,100,64100,29.81508851,0
,,,,
642,100,64200,29.81508851,0.001004696
,,,,
643,100,64300,29.81508851,0
,,,,
644,100,64400,29.81508851,0
,,,,
645,100,64500,29.81508851,0.000982523
,,,,
646,100,64600,29.81508851,0
,,,,
647,100,64700,29.81508851,0
,,,,
648,100,64800,29.81508851,0.000983953
,,,,
649,100,64900,29.81508851,0
,,,,
650,100,65000,29.81508851,0
,,,,
651,100,65100,29.81508851,0.000998497
,,,,
652,100,65200,29.81508851,0
,,,,
653,100,65300,29.81508851,0
,,,,
654,100,65400,29.81508851,0.001001835
,,,,
655,100,65500,29.81508851,0
,,,,
656,100,65600,29.81508851,0.000990629
,,,,
657,100,65700,29.81508851,0
,,,,
658,100,65800,29.81508851,0
,,,,
659,100,65900,29.81508851,0
,,,,
660,100,66000,29.81508851,0.000998735
,,,,
661,100,66100,29.81508851,0
,,,,
662,100,66200,29.81508851,0
,,,,
663,100,66300,29.81508851,0
,,,,
664,100,66400,29.81508851,0.00100112
,,,,
665,100,66500,29.81508851,0
,,,,
666,100,66600,29.81508851,0
,,,,
667,100,66700,29.81508851,0.000989914
,,,,
668,100,66800,29.81508851,0.000992775
,,,,
669,100,66900,29.81508851,0
,,,,
670,100,67000,29.81508851,0.000954866
,,,,
671,100,67100,29.81508851,0
,,,,
672,100,67200,29.81508851,0.000999689
,,,,
673,100,67300,29.81508851,0
,,,,
674,100,67400,29.81508851,0
,,,,
675,100,67500,29.81508851,0
,,,,
676,100,67600,29.81508851,0
,,,,
677,100,67700,29.81508851,0
,,,,
678,100,67800,29.81508851,0
,,,,
679,100,67900,29.81508851,0
,,,,
680,100,68000,29.81508851,0
,,,,
681,100,68100,29.81508851,0.001991749
,,,,
682,100,68200,29.81508851,0
,,,,
683,100,68300,29.81508851,0
,,,,
684,100,68400,29.81508851,0
,,,,
685,100,68500,29.81508851,0
,,,,
686,100,68600,29.81508851,0
,,,,
687,100,68700,29.81508851,0.000993729
,,,,
688,100,68800,29.81508851,0.000978708
,,,,
689,100,68900,29.81508851,0
,,,,
690,100,69000,29.81508851,0
,,,,
691,100,69100,29.81508851,0
,,,,
692,100,69200,29.81508851,0
,,,,
693,100,69300,29.81508851,0.001006603
,,,,
694,100,69400,29.81508851,0
,,,,
695,100,69500,29.81508851,0
,,,,
696,100,69600,29.81508851,0
,,,,
697,100,69700,29.81508851,0.000986099
,,,,
698,100,69800,29.81508851,0.000982046
,,,,
699,100,69900,29.81508851,0
,,,,
700,100,70000,29.81508851,0
,,,,
701,100,70100,29.81508851,0
,,,,
702,100,70200,29.81508851,0
,,,,
703,100,70300,29.81508851,0
,,,,
704,100,70400,29.81508851,0
,,,,
705,100,70500,29.81508851,0
,,,,
706,100,70600,29.81508851,0
,,,,
707,100,70700,29.81508851,0.00098443
,,,,
708,100,70800,29.81508851,0.000995159
,,,,
709,100,70900,29.81508851,0
,,,,
710,100,71000,29.81508851,0
,,,,
711,100,71100,29.81508851,0.001004219
,,,,
712,100,71200,29.81508851,0.001000643
,,,,
713,100,71300,29.81508851,0
,,,,
714,100,71400,29.81508851,0.000999928
,,,,
715,100,71500,29.81508851,0.001003981
,,,,
716,100,71600,29.81508851,0
,,,,
717,100,71700,29.81508851,0
,,,,
718,100,71800,29.81508851,0
,,,,
719,100,71900,29.81508851,0.001006365
,,,,
720,100,72000,29.81508851,0
,,,,
721,100,72100,29.81508851,0
,,,,
722,100,72200,29.81508851,0.00199008
,,,,
723,100,72300,29.81508851,0.000988483
,,,,
724,100,72400,29.81508851,0
,,,,
725,100,72500,29.81508851,0
,,,,
726,100,72600,29.81508851,0.00100255
,,,,
727,100,72700,29.81508851,0
,,,,
728,100,72800,29.81508851,0
,,,,
729,100,72900,29.81508851,0
,,,,
730,100,73000,29.81508851,0
,,,,
731,100,73100,29.81508851,0.000981092
,,,,
732,100,73200,29.81508851,0
,,,,
733,100,73300,29.81508851,0.001006126
,,,,
734,100,73400,29.81508851,0.000996351
,,,,
735,100,73500,29.81508851,0
,,,,
736,100,73600,29.81508851,0
,,,,
737,100,73700,29.81508851,0
,,,,
738,100,73800,29.81508851,0
,,,,
739,100,73900,29.81508851,0.000996351
,,,,
740,100,74000,29.81508851,0.001004696
,,,,
741,100,74100,29.81508851,0
,,,,
742,100,74200,29.81508851,0
,,,,
743,100,74300,29.81508851,0
,,,,
744,100,74400,29.81508851,0
,,,,
745,100,74500,29.81508851,0
,,,,
746,100,74600,29.81508851,0.000994205
,,,,
747,100,74700,29.81508851,0.001007557
,,,,
748,100,74800,29.81508851,0
,,,,
749,100,74900,29.81508851,0
,,,,
750,100,75000,29.81508851,0
,,,,
751,100,75100,29.81508851,0
,,,,
752,100,75200,29.81508851,0
,,,,
753,100,75300,29.81508851,0
,,,,
754,100,75400,29.81508851,0
,,,,
755,100,75500,29.81508851,0
,,,,
756,100,75600,29.81508851,0
,,,,
757,100,75700,29.81508851,0
,,,,
758,100,75800,29.81508851,0
,,,,
759,100,75900,29.81508851,0.000998735
,,,,
760,100,76000,29.81508851,0
,,,,
761,100,76100,29.81508851,0
,,,,
762,100,76200,29.81508851,0
,,,,
763,100,76300,29.81508851,0.001002789
,,,,
764,100,76400,29.81508851,0
,,,,
765,100,76500,29.81508851,0
,,,,
766,100,76600,29.81508851,0
,,,,
767,100,76700,29.81508851,0
,,,,
768,100,76800,29.81508851,0
,,,,
769,100,76900,29.81508851,0
,,,,
770,100,77000,29.81508851,0
,,,,
771,100,77100,29.81508851,0.001003265
,,,,
772,100,77200,29.81508851,0.002001524
,,,,
773,100,77300,29.81508851,0.001002789
,,,,
774,100,77400,29.81508851,0
,,,,
775,100,77500,29.81508851,0.000946283
,,,,
776,100,77600,29.81508851,0
,,,,
777,100,77700,29.81508851,0
,,,,
778,100,77800,29.81508851,0
,,,,
779,100,77900,29.81508851,0
,,,,
780,100,78000,29.81508851,0.001011848
,,,,
781,100,78100,29.81508851,0
,,,,
782,100,78200,29.81508851,0
,,,,
783,100,78300,29.81508851,0
,,,,
784,100,78400,29.81508851,0
,,,,
785,100,78500,29.81508851,0.000983238
,,,,
786,100,78600,29.81508851,0.002015114
,,,,
787,100,78700,29.81508851,0
,,,,
788,100,78800,29.81508851,0.000992537
,,,,
789,100,78900,29.81508851,0.00096488
