0.18688488006591797,1,2874,5.350887667569898
0.4475278854370117,2,2793,4.468995262824788
0.6389508247375488,3,2721,4.695197007112808
0.827765941619873,4,2721,4.832283860546755
1.0190470218658447,5,2710,4.906544931405765
1.211676836013794,6,2823,4.951815386468026
1.408540964126587,7,2978,4.969681520296135
1.6063499450683594,8,3005,4.980234863866824
1.8008828163146973,9,2922,4.997548934592802
1.9900619983673096,10,2810,5.02496907543796
2.181741952896118,11,2761,5.041842819861546
2.387251853942871,12,2609,5.026700463204319
2.5992629528045654,13,2425,5.001417800370369
2.7771317958831787,14,2060,5.041172342181817
2.9456899166107178,15,1705,5.092185676236708
3.103174924850464,16,1295,5.156009695705765
3.25662899017334,17,1219,5.220121804263354
3.4137609004974365,18,1201,5.272777011822102
3.5752220153808594,19,1266,5.314355281507176
3.7409520149230957,20,1230,5.346232702322205
3.9063239097595215,21,1352,5.375898283174574
4.088611841201782,22,1365,5.38079936527637
4.279906988143921,23,1605,5.373948560964983
4.4831788539886475,24,1726,5.353344308056636
4.655008792877197,25,1989,5.370559135839535
4.83008885383606,26,2168,5.382923748773438
5.0416100025177,27,2443,5.3554320914383755
5.251626968383789,28,2696,5.331681052094437
5.461536884307861,29,2851,5.30986068835735
5.702832937240601,30,3277,5.26054337031236
5.942215919494629,31,3589,5.216909048743633
6.154765844345093,32,3794,5.199222977654157
6.372736930847168,33,4115,5.1783088425106385
6.596252918243408,34,4244,5.154441532398708
6.824031829833984,35,4463,5.128932700311201
7.094568967819214,36,4428,5.074304043458467
7.359032869338989,37,4605,5.0278345887213645
7.633505821228027,38,4590,4.9780534514463515
7.903496980667114,39,4355,4.934524564936078
8.13106393814087,40,4257,4.919405419058335
8.360237836837769,41,4536,4.904166699581373
8.592073917388916,42,4626,4.888226102780499
8.82607102394104,43,4750,4.871929976924152
9.057297945022583,44,4460,4.857960979872601
9.282881021499634,45,4258,4.847632959614334
9.509699821472168,46,4227,4.837166352626142
9.731009006500244,47,4075,4.829920511696612
9.953779935836792,48,4213,4.822288649077387
10.179651021957397,49,4219,4.81352453972219
10.407756805419922,50,4484,4.804109178834973
10.64172887802124,51,4657,4.792454363814155
10.81165099143982,52,1753,4.809626211683236
10.979440927505493,53,1617,4.827203894073092
11.144502878189087,54,1609,4.845438203051967
11.308341979980469,55,1549,4.86366614109905
11.471232891082764,56,1487,4.881776922472907
11.632888793945312,57,1365,4.899900704773123
11.793373823165894,58,1373,4.918015901952482
11.95581579208374,59,1454,4.934836821345596
12.114013910293579,60,1314,4.952941316091482
12.269622802734375,61,1283,4.971627977545137
12.428135871887207,62,1373,4.9886805743929585
12.588675022125244,63,1393,5.004498081750006
12.749048948287964,64,1455,5.0199822951181305
12.911404848098755,65,1487,5.034308873799388
13.0711510181427,66,1452,5.049287542343615
13.237705945968628,67,1559,5.061299916576859
13.40378189086914,68,1617,5.073195054473591
13.570360898971558,69,1644,5.084610535688054
13.739683866500854,70,1598,5.094731485829099
13.908728837966919,71,1680,5.104708045367163
14.076558828353882,72,1563,5.114886449021412
14.244614839553833,73,1601,5.124743688913002
14.405691862106323,74,1512,5.136858452085488
14.56800889968872,75,1482,5.148267036108314
14.729389905929565,76,1485,5.159752066133093
14.900354862213135,77,1494,5.167662160534831
15.066783905029297,78,1572,5.176950866997141
15.233098983764648,79,1510,5.186075406205773
15.404664993286133,80,1665,5.193232052424812
15.57143497467041,81,1658,5.201832723301371
15.742119789123535,82,1737,5.208955407432169
15.91141390800476,83,1748,5.216381176423556
16.079180002212524,84,1681,5.224147001802421
16.253281831741333,85,1747,5.229713043799064
16.41668391227722,86,1600,5.238573177113124
16.583425998687744,87,1600,5.2462018407345
16.75100588798523,88,1603,5.253415859827175
16.91843295097351,89,1616,5.260534486728501
17.087257862091064,90,1661,5.267082683855874
17.259387016296387,91,1723,5.2724931606248475
17.42044496536255,92,1605,5.2811509799506045
17.57965087890625,93,1520,5.290207447270202
17.742727994918823,94,1498,5.2979451653048955
17.904732942581177,95,1460,5.305859646421771
18.06465482711792,96,1390,5.314244911886649
18.227933883666992,97,1403,5.321502734158814
18.386926889419556,98,1402,5.329873805958973
18.54879879951477,99,1466,5.337272837451329
18.710088968276978,100,1458,5.344710020863629
18.87079882621765,101,1515,5.352184660019707
19.03291392326355,102,1589,5.359137356016067
19.202980995178223,103,1647,5.363750556534051
19.36864185333252,104,1670,5.369504004851327
19.53392195701599,105,1688,5.375264641225169
19.698229789733887,106,1590,5.3811942053414334
19.864529848098755,107,1606,5.386485399766007
20.027360916137695,108,1502,5.3926226452021195
20.19353699684143,109,1541,5.397766622907578
20.356807947158813,110,1509,5.403597670397663
20.52471899986267,111,1702,5.408113017320368
20.690361976623535,112,1546,5.413148408255992
20.863622903823853,113,1567,5.416125498476563
21.02801489830017,114,1446,5.421339130267373
21.188923835754395,115,1419,5.42736388555741
21.37453293800354,116,1286,5.427019169796878
21.52106499671936,117,754,5.436533927007576
21.657655000686646,118,521,5.448419969579295
21.80208992958069,119,345,5.458192328550251
21.931928873062134,120,108,5.471474975800686
22.0568528175354,121,91,5.48582343097488
22.195250988006592,122,418,5.49667134045584
22.342396020889282,123,862,5.505228708908379
22.49366593360901,124,1086,5.512663003264615
22.658162832260132,125,1410,5.516775606450674
22.820019960403442,126,1459,5.521467563070984
22.988627910614014,127,1653,5.52447064234587
23.16193699836731,128,1694,5.526308098024045
23.33164691925049,129,1519,5.5289710343406835
23.493562936782837,130,1458,5.533430597555926
23.6544988155365,131,1365,5.538058574885466
23.819571018218994,132,1414,5.541661514350384
23.979448795318604,133,1395,5.546416063823993
24.14293599128723,134,1389,5.550277731273375
24.301455974578857,135,1290,5.555222705224745
24.460932970046997,136,1377,5.559886050402709
24.619719982147217,137,1259,5.564644930947403
24.7755868434906,138,1248,5.569999244488424
24.95250701904297,139,1724,5.570582542825038
25.120800971984863,140,1665,5.573070705672575
25.284759998321533,141,1534,5.5764816438581954
25.447287797927856,142,1450,5.5801624569028885
25.615617990493774,143,1573,5.582531721587541
25.77806782722473,144,1594,5.586144041715909
25.94857382774353,145,1701,5.587975700035192
26.11929678916931,146,1756,5.589737012389273
26.2897789478302,147,1841,5.591526664857427
26.46044397354126,148,1919,5.593254601018429
26.631048917770386,149,1751,5.594973012894553
26.804492950439453,150,1959,5.596076757629574
26.984360933303833,151,2008,5.595833837726254
27.157652854919434,152,1870,5.59694907406058
27.338095903396606,153,1967,5.59658582443522
27.512074947357178,154,2037,5.597542180830432
27.69530487060547,155,2116,5.596616492368348
27.874897956848145,156,2170,5.596433043145
28.05552101135254,157,2130,5.59604649425226
28.234516859054565,158,2204,5.595987379161786
28.422956943511963,159,2218,5.594069621820067
28.599509954452515,160,2039,5.594501453165298
28.778244972229004,161,2088,5.594503770308611
28.954234838485718,162,1980,5.5950364740659975
29.125244855880737,163,1836,5.596519473280526
29.29492998123169,164,1701,5.598238333563844
29.461230993270874,165,1710,5.60058064232574
29.627089023590088,166,1561,5.602980430099805
29.79556179046631,167,1725,5.604861595643248
29.960184812545776,168,1576,5.607442045205619
30.120617866516113,169,1428,5.61077467762939
30.282964944839478,170,1463,5.613717161105446
30.441741943359375,171,1416,5.6172869580908555
30.604187965393066,172,1485,5.620145850446874
30.767090797424316,173,1503,5.622891066921504
30.937436819076538,174,1705,5.62425391015938
31.10603380203247,175,1607,5.625918145455287
31.274091005325317,176,1697,5.627661567206891
31.440948963165283,177,1621,5.629601072390174
31.609054803848267,178,1744,5.631297775418747
31.77601981163025,179,1717,5.633178763769675
31.948487997055054,180,1882,5.634069443805667
32.12160897254944,181,1866,5.634836043072419
32.29608082771301,182,1961,5.635358697883467
32.46923089027405,183,1923,5.636105167332944
32.6688129901886,184,2044,5.6322829989342
32.84115982055664,185,1987,5.633174985622793
33.015718936920166,186,2052,5.633680137493647
33.14994978904724,187,301,5.641034185270015
33.28296089172363,188,308,5.648535916368828
33.41426086425781,189,293,5.656267566946764
33.54355001449585,190,288,5.664278226898807
33.67703080177307,191,321,5.671521373848195
33.80717897415161,192,298,5.679267120950846
33.93772101402283,193,282,5.686887458360971
34.0697078704834,194,283,5.6942079086059225
34.20279383659363,195,341,5.7012886412620825
34.33497881889343,196,310,5.708464275858167
34.4689359664917,197,354,5.715291014248589
34.603768825531006,198,344,5.7219200890601725
34.73719000816345,199,344,5.728730503337598
34.87167501449585,200,306,5.735313830404239
35.00462889671326,201,294,5.742097726363064
35.13977599143982,202,321,5.748471477143394
35.27230191230774,203,303,5.755224042499086
35.41061997413635,204,320,5.760983573543758
35.54449486732483,205,353,5.767419139453052
35.6834979057312,206,413,5.772976644392082
35.819659948349,207,390,5.778949333926914
35.95462989807129,208,379,5.785068587541148
36.09013485908508,209,467,5.791056221209652
36.2240469455719,210,466,5.797253970974959
36.365527868270874,211,452,5.80219819066888
36.49964189529419,212,437,5.808276163589776
36.6325888633728,213,395,5.814494869429462
36.767831802368164,214,372,5.820305128414359
36.90403199195862,215,341,5.825921678337165
37.03898596763611,216,340,5.831693129740007
37.17110800743103,217,377,5.837867409188304
37.30477285385132,218,363,5.843756262879746
37.43698692321777,219,380,5.849829753905221
37.56967496871948,220,365,5.855786620011274
37.70170187950134,221,331,5.861804347886988
37.83355188369751,222,333,5.8678075133532435
37.96191692352295,223,271,5.874308203383137
38.095430850982666,224,238,5.8799702483013645
38.225000858306885,225,218,5.886199998635291
38.35542893409729,226,214,5.8922558365418265
38.484171867370605,227,190,5.898528901240705
38.61116886138916,228,171,5.905027139129115
38.73891997337341,229,163,5.911367693198456
38.87021279335022,230,194,5.917127370070575
39.00145196914673,231,215,5.922856415262167
39.133551836013794,232,271,5.92841664288942
39.26228189468384,233,271,5.9344487573339055
39.394449949264526,234,258,5.939923017109385
39.52510190010071,235,263,5.945588719643535
39.656662940979004,236,226,5.951080663323555
39.78783082962036,237,233,5.956595146261743
39.920742988586426,238,265,5.961812886800368
40.052029848098755,239,260,5.96723813765322
40.181243896484375,240,247,5.972936044944059
40.31566381454468,241,249,5.9778254206260755
40.44626784324646,242,214,5.983246734603427
40.57754898071289,243,286,5.988533218590938
40.71051001548767,244,260,5.993538275673139
40.841224908828735,245,241,5.99884064562025
40.97059392929077,246,253,6.004306416073925
41.10458993911743,247,287,6.009061284052391
41.23542594909668,248,275,6.014246107367609
41.368902921676636,249,303,6.019013858584295
41.50025486946106,250,306,6.0240593891862675
41.63347101211548,251,296,6.028803121578745
41.76558995246887,252,287,6.033675096815043
41.89871382713318,253,281,6.038371512878273
42.02937984466553,254,257,6.043391573674107
42.161860942840576,255,248,6.048120132688333
42.29230189323425,256,242,6.05311105189462
42.42477297782898,257,212,6.057781384812765
42.557124853134155,258,224,6.0624396241608265
42.68625092506409,259,238,6.067527468146024
42.81797194480896,260,235,6.072216599495463
42.95305395126343,261,232,6.076401466031798
43.087164878845215,262,245,6.080697134209354
43.22446084022522,263,240,6.08451776812561
43.357308864593506,264,264,6.0889387951748075
43.490782022476196,265,236,6.093245227529986
43.62440085411072,266,315,6.097504946590799
43.76221585273743,267,304,6.101153581858642
43.896564960479736,268,292,6.10526131694545
44.02789783477783,269,339,6.109762519425029
44.1696138381958,270,313,6.112799649756429
44.3011360168457,271,312,6.117224621439754
44.43635582923889,272,338,6.121114005055865
44.56840491294861,273,364,6.125415538950204
44.701634883880615,274,354,6.12952972999214
44.839136838912964,275,403,6.133035098065167
44.97611689567566,276,412,6.136590240553575
45.11150002479553,277,423,6.140341151319441
45.24940085411072,278,460,6.143727756668072
45.386427879333496,279,470,6.147212130061493
45.519837856292725,280,422,6.151164265654176
45.65708899497986,281,451,6.154575470873687
45.79392600059509,282,458,6.158021917499177
45.93175387382507,283,495,6.161314910321157
46.06929302215576,284,497,6.164626834265028
46.205227851867676,285,487,6.1681332015870565
46.34209990501404,286,505,6.171494183176967
46.47940182685852,287,492,6.174778261327679
46.614569902420044,288,498,6.178325802487951
46.75096082687378,289,490,6.181691132941905
46.88735294342041,290,479,6.185036727280101
47.02197885513306,291,472,6.188595356578312
47.157713890075684,292,454,6.1919880314947
47.29366493225098,293,481,6.19533293559989
47.43144392967224,294,468,6.198419774778962
47.569435834884644,295,458,6.201460976412595
47.70790386199951,296,472,6.204422664559176
47.849427938461304,297,475,6.206970757977898
47.98350191116333,298,466,6.2104679344104
48.12098288536072,299,468,6.2135056699135145
48.258260011672974,300,440,6.216552356579668
48.3974928855896,301,489,6.219330425060573
48.53486680984497,302,492,6.222330869541839
48.67419195175171,303,580,6.225064820805834
48.81037783622742,304,559,6.228183707571487
0.1811680793762207,1,2874,5.519736166785546
0.4291799068450928,2,2793,4.6600504080026175
0.6181380748748779,3,2721,4.853284600867295
0.8047339916229248,4,2721,4.970586605808848
0.9930870532989502,5,2710,5.034805340972302
1.1844990253448486,6,2823,5.0654326188687175
1.3811171054840088,7,2978,5.068360946515733
1.575268030166626,8,3005,5.078500830841968
1.7722649574279785,9,2922,5.078247449558198
1.9624619483947754,10,2810,5.095640202440433
2.154694080352783,11,2761,5.105133067520654
2.341641902923584,12,2609,5.12460935423891
2.528855085372925,13,2425,5.140666254540607
2.7055749893188477,14,2060,5.174500819703623
2.872309923171997,15,1705,5.2222776793650985
3.0564069747924805,16,1295,5.23490494949101
3.221235990524292,17,1219,5.277477356520241
3.3871710300445557,18,1201,5.314169210925031
3.572305917739868,19,1266,5.318693425903723
3.754254102706909,20,1230,5.327289909753181
3.925920009613037,21,1352,5.3490646647357165
4.0893590450286865,22,1365,5.3798161906924635
4.2616798877716064,23,1605,5.39693280717677
4.429471969604492,24,1726,5.418253047923218
4.60437798500061,25,1989,5.429615049294587
4.7807629108428955,26,2168,5.438462539322191
4.982490062713623,27,2443,5.418977190151171
5.190830945968628,28,2696,5.394126738368494
5.407758951187134,29,2851,5.36266506361823
5.639760971069336,30,3277,5.31937437666118
5.884005069732666,31,3589,5.268520273625199
6.099500894546509,32,3794,5.246330897108454
6.318969964981079,33,4115,5.222370130398113
6.5460429191589355,34,4244,5.193977555583835
6.774923086166382,35,4463,5.166110309276573
7.004599094390869,36,4428,5.139480434908547
7.272830009460449,37,4605,5.087428133459828
7.533660888671875,38,4590,5.044028469231922
7.801701068878174,39,4355,4.998909808987069
8.061738014221191,40,4257,4.96170924054324
8.295844078063965,41,4536,4.942233679200048
8.53117299079895,42,4626,4.923121362712711
8.768218040466309,43,4750,4.904075126958543
8.996041059494019,44,4460,4.891040370871181
9.220800876617432,45,4258,4.8802702283825745
9.443835020065308,46,4227,4.870902541421344
9.661788940429688,47,4075,4.864523566989632
9.883930921554565,48,4213,4.85636740897522
10.105837106704712,49,4219,4.848682942602645
10.334304094314575,50,4484,4.838255149420998
10.566234111785889,51,4657,4.826696007342209
10.737781047821045,52,1753,4.842713757005881
10.90425992012024,53,1617,4.860485754031401
11.070691108703613,54,1609,4.877744259122721
11.234010934829712,55,1549,4.895847112759972
11.398503065109253,56,1487,4.912925818427478
11.559567928314209,57,1365,4.930980150251394
11.718821048736572,58,1373,4.949303326570814
11.879769086837769,59,1454,4.966426499431647
12.03441596031189,60,1314,4.985701025947005
12.191382884979248,61,1283,5.003534100725918
12.348335027694702,62,1373,5.020919813152714
12.509428024291992,63,1393,5.036201485604348
12.669528007507324,64,1455,5.051490470842862
12.83188796043396,65,1487,5.065505574894512
12.992316007614136,66,1452,5.079925700800439
13.156536102294922,67,1559,5.092525834996421
13.322726011276245,68,1617,5.10406053103887
13.487973928451538,69,1644,5.115668251289496
13.650629997253418,70,1598,5.127968453769855
13.813204050064087,71,1680,5.140009496903841
13.977082967758179,72,1563,5.151289447596967
14.142009019851685,73,1601,5.16192571349142
14.303667068481445,74,1512,5.173498491380661
14.46597409248352,75,1482,5.18458000273689
14.62576699256897,76,1485,5.196308681699492
14.789854049682617,77,1494,5.206271795606555
14.953262090682983,78,1572,5.216253117679247
15.115673065185547,79,1510,5.226363368625178
15.285013914108276,80,1665,5.233884669621328
15.451975107192993,81,1658,5.242048310205599
15.621453046798706,82,1737,5.249191592763146
15.79222297668457,83,1748,5.255751525452756
15.95734190940857,84,1681,5.264034604063536
16.127854108810425,85,1747,5.270384976607996
16.29460906982422,86,1600,5.277819162858121
16.462970972061157,87,1600,5.284586855412989
16.62771511077881,88,1603,5.292368759851711
16.796685934066772,89,1616,5.298664293025305
16.96640110015869,90,1661,5.304601692998888
17.135451078414917,91,1723,5.3106276329445645
17.298686027526855,92,1605,5.318323013297269
17.464608907699585,93,1520,5.325054828968961
17.626560926437378,94,1498,5.332861038083336
17.78740096092224,95,1460,5.3408589713982835
17.946269989013672,96,1390,5.349301000083537
18.101918935775757,97,1403,5.358547916613078
18.26304292678833,98,1402,5.3660280158600004
18.427613973617554,99,1466,5.372372144420668
18.587531089782715,100,1458,5.379950651701585
18.75037693977356,101,1515,5.3865583782349145
18.914391040802002,102,1589,5.392719214695639
19.07974100112915,103,1647,5.3983961309487585
19.246423959732056,104,1670,5.403601220548395
19.412882089614868,105,1688,5.408779567881417
19.575006008148193,106,1590,5.415068580611264
19.73880696296692,107,1606,5.420793678196898
19.90169596672058,108,1502,5.426673193108594
20.064810037612915,109,1541,5.432396309542514
20.22717595100403,110,1509,5.43822826609366
20.39926290512085,111,1702,5.4413730788349
20.561829090118408,112,1546,5.446986234012853
20.72350788116455,113,1567,5.452744807876127
20.886768102645874,114,1446,5.458000942977809
21.047091960906982,115,1419,5.463937736082581
21.205074071884155,116,1286,5.470388813864348
21.350112915039062,117,754,5.480064694064684
21.486932039260864,118,521,5.491710020974177
21.620858907699585,119,345,5.503944154486014
21.748018980026245,120,108,5.517743943032699
21.87784194946289,121,91,5.5307100343583295
22.01246190071106,122,418,5.5423151008865155
22.15989899635315,123,862,5.550566815319965
22.313519954681396,124,1086,5.5571689384661465
22.477592945098877,125,1410,5.561093676947985
22.638773918151855,126,1459,5.565672436835138
22.80585289001465,127,1653,5.568745909766255
22.97327208518982,128,1694,5.5716921614539086
23.13758397102356,129,1519,5.575344433608697
23.300189971923828,130,1458,5.579353651478674
23.461963891983032,131,1365,5.583505311111777
23.622997045516968,132,1414,5.58777532527568
23.78125500679016,133,1395,5.592640084050445
23.938731908798218,134,1389,5.597623153578611
24.09597396850586,135,1290,5.602595694054489
24.256305932998657,136,1377,5.60678944170899
24.413320064544678,137,1259,5.611690652389566
24.56775188446045,138,1248,5.617119574025311
24.735156059265137,139,1724,5.619531959570325
24.901324033737183,140,1665,5.622191005198082
25.063359022140503,141,1534,5.625742338664312
25.22709608078003,142,1450,5.628868243308697
25.39157795906067,143,1573,5.631788628125501
25.554096937179565,144,1594,5.635104239997199
25.721359968185425,145,1701,5.637338001542279
25.886969089508057,146,1756,5.639903207485713
26.05550789833069,147,1841,5.64180136398024
26.22849202156067,148,1919,5.6427186083873675
26.397478103637695,149,1751,5.644478590531234
26.569705963134766,150,1959,5.645527286155281
26.745304107666016,151,2008,5.645850927405189
26.92413091659546,152,1870,5.645493274076693
27.096978902816772,153,1967,5.646385914412599
27.273627996444702,154,2037,5.646480182983904
27.451977968215942,155,2116,5.646223386142153
27.63105797767639,156,2170,5.645820732815772
27.80845308303833,157,2130,5.645765319314421
27.98837399482727,158,2204,5.645201112047491
28.169524908065796,159,2218,5.644397643159166
28.347268104553223,160,2039,5.6442828779786485
28.52453303337097,161,2088,5.644264178195149
28.701555967330933,162,1980,5.644293298397962
28.8720920085907,163,1836,5.645590210487707
29.039751052856445,164,1701,5.6474313330543655
29.207107067108154,165,1710,5.64930993065781
29.370807886123657,166,1561,5.651870409680739
29.53539204597473,167,1725,5.6542333936197
29.702306032180786,168,1576,5.656126491255642
29.859698057174683,169,1428,5.65980271054324
30.017231941223145,170,1463,5.66341361298329
30.1747829914093,171,1416,5.666983588537599
30.33565402030945,172,1485,5.669895888344703
30.495721101760864,173,1503,5.6729270123739015
30.661109924316406,174,1705,5.6749413321794275
30.823955059051514,175,1607,5.677402515827083
30.989968061447144,176,1697,5.679257224500066
31.15337300300598,177,1621,5.681567770620578
31.324526071548462,178,1744,5.682448302439742
31.48916506767273,179,1717,5.684494956132204
31.657104015350342,180,1882,5.685927553977113
31.827003955841064,181,1866,5.686994611592459
31.997518062591553,182,1961,5.687941159810674
32.16586995124817,183,1923,5.6892600845978
32.341495990753174,184,2044,5.6892853704914526
32.51550602912903,185,1987,5.68959313855573
32.69084906578064,186,2052,5.6896656194438435
32.824604988098145,187,301,5.696945936373163
32.95560002326965,188,308,5.7046450335376955
33.08739995956421,189,293,5.712144206887669
33.21760606765747,190,288,5.719858306857178
33.35002899169922,191,321,5.727131453095278
33.48033690452576,192,298,5.734709317517235
33.61238098144531,193,282,5.741931822876212
33.74282097816467,194,283,5.74937110698419
33.874911069869995,195,341,5.756472676719218
34.00776195526123,196,310,5.763390141869582
34.141602993011475,197,354,5.770086426238522
34.27566409111023,198,344,5.776693326019421
34.409234046936035,199,344,5.783331292075649
34.54107904434204,200,306,5.7902070674529424
34.67392897605896,201,294,5.796862540117185
34.80726408958435,202,321,5.803386312699194
34.94003391265869,203,303,5.809954292186694
35.07211494445801,204,320,5.816586776219935
35.2034649848938,205,353,5.823290408713114
35.34201693534851,206,413,5.828756190594265
35.47837710380554,207,390,5.834539708350876
35.61094307899475,208,379,5.840901195416237
35.74405598640442,209,467,5.847126025079389
35.878273010253906,210,466,5.853124534170934
36.01118087768555,211,452,5.859291332785671
36.14680600166321,212,437,5.864971859207846
36.2794508934021,213,395,5.8710921680112
36.40947103500366,214,372,5.877591569354654
36.5434730052948,215,341,5.88340358260006
36.677891969680786,216,340,5.889106172692615
36.81264901161194,217,377,5.894712981169895
36.9467248916626,218,363,5.900387670063657
37.07974195480347,219,380,5.906189969362228
37.2093288898468,220,365,5.9124957789827475
37.33903503417969,221,331,5.918738922891268
37.47209191322327,222,333,5.924409037907488
37.60312509536743,223,271,5.930358166626762
37.733819007873535,224,238,5.9363193519654125
37.86495804786682,225,218,5.94216953087779
37.99404311180115,226,214,5.948300877981665
38.12220907211304,227,190,5.954534260346782
38.25076198577881,228,171,5.96066557013342
38.38011288642883,229,163,5.966631746958049
38.507659912109375,230,194,5.972837625681655
38.63613796234131,231,215,5.97885845177269
38.766154050827026,232,271,5.984601920939087
38.895668029785156,233,271,5.990384323045319
39.02486205101013,234,258,5.996177505871365
39.15601992607117,235,263,6.001631433523979
39.28531289100647,236,226,6.007334106126647
39.41653800010681,237,233,6.012704616507867
39.54891800880432,238,265,6.017863749066834
39.67769908905029,239,260,6.0235347685762335
39.80710792541504,240,247,6.029074014863834
39.935606956481934,241,249,6.034714841385011
40.066088914871216,242,214,6.040020539917924
40.19647407531738,243,286,6.045306350618797
40.327483892440796,244,260,6.0504642603238805
40.458858013153076,245,241,6.05553423975415
40.59277009963989,246,253,6.0601924775314195
40.722529888153076,247,287,6.0654384852414776
40.85336995124817,248,275,6.070490642410835
40.98546099662781,249,303,6.075325101759552
41.118865966796875,250,306,6.079934213211834
41.25034499168396,251,296,6.0847975950407545
41.38401699066162,252,287,6.089307378180911
41.516215085983276,253,281,6.094004462497786
41.64668107032776,254,257,6.098925375855911
41.773844957351685,255,248,6.104298042479404
41.90444898605347,256,242,6.1091365283242665
42.03364300727844,257,212,6.1141500382324345
42.163981914520264,258,224,6.118966669776295
42.29363203048706,259,238,6.123853345423295
42.42901301383972,260,235,6.127882350579115
42.55803894996643,261,232,6.132801379942482
42.68865489959717,262,245,6.13746206377827
42.81861996650696,263,240,6.1421876792320855
42.94948101043701,264,264,6.146756463386513
43.07959604263306,265,236,6.151404013578652
43.21101689338684,266,315,6.155837541530052
43.34404110908508,267,304,6.160016306002343
43.47542595863342,268,292,6.164401937200114
43.60611891746521,269,339,6.168859019743204
43.73941898345947,270,313,6.172921503646479
43.871756076812744,271,312,6.177094883676879
44.00467491149902,272,338,6.181161445847261
44.13908290863037,273,364,6.184994839270238
44.26931405067444,274,354,6.189388877504544
44.405186891555786,275,403,6.19297021925821
44.53989505767822,276,412,6.196691744391985
44.671441078186035,277,423,6.20082973180072
44.80474805831909,278,460,6.204699547426259
44.94067597389221,279,470,6.208184321973304
45.07533502578735,280,422,6.211822936863665
45.20945692062378,281,451,6.215513725222667
45.345946073532104,282,458,6.218858010872996
45.48257493972778,283,495,6.222163111367894
45.62063503265381,284,497,6.22525310743092
45.75904893875122,285,487,6.228276299655492
45.89514398574829,286,505,6.231596094105531
46.03175210952759,287,492,6.234826762994258
46.168225049972534,288,498,6.238056578702528
46.30363607406616,289,490,6.241410491774829
46.44229793548584,290,479,6.244307730053459
46.57697296142578,291,472,6.247722458069592
46.712076902389526,292,454,6.251060097588231
46.845983028411865,293,481,6.254538405615203
46.981842041015625,294,468,6.257736760157999
47.11772704124451,295,458,6.26091321726474
47.25392293930054,296,472,6.264030192376266
47.39591097831726,297,475,6.2663633606678
47.532527923583984,298,466,6.269390941695377
47.667073011398315,299,468,6.2726737999730355
47.80084991455078,300,440,6.276039035629756
47.93855595588684,301,489,6.278870816988747
48.075056076049805,302,492,6.281843946729193
48.21498703956604,303,580,6.2843530322087
48.353549003601074,304,559,6.287025590972856
0.17246580123901367,1,2874,5.798250973908379
0.4181399345397949,2,2793,4.783087753149436
0.61232590675354,3,2721,4.8993517453892315
0.8126637935638428,4,2721,4.922084669797413
1.007741928100586,5,2710,4.961587744417968
1.2071828842163086,6,2823,4.9702493950576025
1.4097509384155273,7,2978,4.965416095319338
1.614642858505249,8,3005,4.954656045365956
1.812140941619873,9,2922,4.966501111086259
2.0060949325561523,10,2810,4.984808962783267
2.1980738639831543,11,2761,5.004381417859533
2.3861818313598633,12,2609,5.028954559243002
2.5743207931518555,13,2425,5.049875693263356
2.763758897781372,14,2060,5.065564876602878
2.9503729343414307,15,1705,5.0841030384344394
3.113269805908203,16,1295,5.139291162505744
3.2788589000701904,17,1219,5.184730577956887
3.436255931854248,18,1201,5.238259418671114
3.59580397605896,19,1266,5.283936534500472
3.7646830081939697,20,1230,5.312532278672406
3.9503328800201416,21,1352,5.316007698038077
4.11497688293457,22,1365,5.346324080516058
4.278702974319458,23,1605,5.375460773520561
4.452517986297607,24,1726,5.3902084334883655
4.636749029159546,25,1989,5.391708682695618
4.81993293762207,26,2168,5.394265923713699
5.008128881454468,27,2443,5.39123505786429
5.220662832260132,28,2696,5.363303645464158
5.477778911590576,29,2851,5.294116551260975
5.742033004760742,30,3277,5.224630366131104
6.001901865005493,31,3589,5.165029468533576
6.261223793029785,32,3794,5.1108219507540245
6.531682014465332,33,4115,5.05229739091965
6.817627906799316,34,4244,4.987071818057322
7.052965879440308,35,4463,4.962451342920356
7.28505802154541,36,4428,4.941621589496026
7.52893590927124,37,4605,4.914373086167152
7.768963813781738,38,4590,4.891257175453691
7.996227979660034,39,4355,4.877299659189822
8.217881917953491,40,4257,4.86743426096359
8.446570873260498,41,4536,4.854040842751304
8.674597978591919,42,4626,4.841722936746118
8.908353805541992,43,4750,4.826929973666873
9.13766598701477,44,4460,4.815234006422091
9.361857891082764,45,4258,4.806738205550292
9.583627939224243,46,4227,4.799852445411557
9.80391788482666,47,4075,4.794001801335058
10.023391008377075,48,4213,4.788798517376392
10.244673013687134,49,4219,4.7829735448398205
10.469714879989624,50,4484,4.775679239896316
10.702555894851685,51,4657,4.765216879131913
10.875414848327637,52,1753,4.7814267984449605
11.042994022369385,53,1617,4.799423045293682
11.208640813827515,54,1609,4.81771170090338
11.372529029846191,55,1549,4.8362153972662885
11.535684823989868,56,1487,4.854501562277529
11.694365978240967,57,1365,4.874141967683978
11.852411985397339,58,1373,4.89351872610051
12.011966943740845,59,1454,4.9117684286288785
12.168962955474854,60,1314,4.930576271744324
12.322633028030396,61,1283,4.950240736800552
12.480129957199097,62,1373,4.967896986059478
12.638033866882324,63,1393,4.984952617122672
12.800034999847412,64,1455,4.999986328221988
12.961858987808228,65,1487,5.014712786270723
13.136037826538086,66,1452,5.0243460677818295
13.30181097984314,67,1559,5.036908139916306
13.46729302406311,68,1617,5.0492701004202445
13.637180805206299,69,1644,5.059696794051282
13.813756942749023,70,1598,5.067412166734531
13.981568813323975,71,1680,5.078113976189806
14.15686583518982,72,1563,5.08587146605777
14.32181692123413,73,1601,5.09711864084557
14.487258911132812,74,1512,5.107936598215574
14.646570920944214,75,1482,5.12065249981154
14.811698913574219,76,1485,5.131079185680018
14.977820873260498,77,1494,5.140934762911074
15.145151853561401,78,1572,5.1501629534112725
15.306703805923462,79,1510,5.161137303083385
15.475531816482544,80,1665,5.169450778731513
15.644519805908203,81,1658,5.177531877290992
15.813637018203735,82,1737,5.185397888266083
15.995174884796143,83,1748,5.18906486473579
16.163591861724854,84,1681,5.196864701769089
16.33447289466858,85,1747,5.203718574092661
16.50573492050171,86,1600,5.210310259689178
16.6734619140625,87,1600,5.217872595889859
16.840006828308105,88,1603,5.2256510877461
17.04777193069458,89,1616,5.220623572500706
17.26108980178833,90,1661,5.214039265972394
17.5016348361969,91,1723,5.199514265478428
17.68726396560669,92,1605,5.201482839793436
17.884214878082275,93,1520,5.200116450958925
18.07842183113098,94,1498,5.199568904744346
18.259809970855713,95,1460,5.202682840162547
18.4389009475708,96,1390,5.206384061228299
18.60192894935608,97,1403,5.214512982179611
18.766398906707764,98,1402,5.222099374908384
18.92853593826294,99,1466,5.230198485656634
19.085771799087524,100,1458,5.239505169226686
19.24339199066162,101,1515,5.248554935066177
19.408278942108154,102,1589,5.255489180892853
19.59368395805359,103,1647,5.256796027766076
19.757620811462402,104,1670,5.263791677774497
19.927278995513916,105,1688,5.269158926496583
20.090476989746094,106,1590,5.276131574880027
20.28948187828064,107,1606,5.273668427903066
20.451363801956177,108,1502,5.280821418357918
20.621423959732056,109,1541,5.285764950705969
20.782848834991455,110,1509,5.292825871629125
20.953856945037842,111,1702,5.297354100066351
21.117735862731934,112,1546,5.303598867227754
21.280544996261597,113,1567,5.3100143826133674
21.442102909088135,114,1446,5.316642704465411
21.604533910751343,115,1419,5.32295676801299
21.76217794418335,116,1286,5.3303488418081235
21.906176805496216,117,754,5.340959357665959
22.049283981323242,118,521,5.351647704295134
22.1853768825531,119,345,5.363893551593587
22.307021856307983,120,108,5.379472023338085
22.430336952209473,121,91,5.394479818016333
22.568135976791382,122,418,5.405851866785203
22.714483976364136,123,862,5.415047074280416
22.866851806640625,124,1086,5.422696619916429
23.02536392211914,125,1410,5.428795845433727
23.198537826538086,126,1459,5.431376793750409
23.374053955078125,127,1653,5.433374982537363
23.57653498649597,128,1694,5.429126887106824
23.743093013763428,129,1519,5.433159021245509
23.909753799438477,130,1458,5.4371116110385485
24.06753396987915,131,1365,5.443017143507444
24.23116397857666,132,1414,5.4475303009258775
24.391999006271362,133,1395,5.452607634405229
24.550904989242554,134,1389,5.45804727193212
24.715332984924316,135,1290,5.462196284482444
24.877205848693848,136,1377,5.4668518975631075
25.0364990234375,137,1259,5.47201107757717
25.193200826644897,138,1248,5.47766839750065
25.365219831466675,139,1724,5.479944621949003
25.57095980644226,140,1665,5.474960699939346
25.73287296295166,141,1534,5.479372637598672
25.897320985794067,142,1450,5.483192646756545
26.06093692779541,143,1573,5.487139637235479
26.252827882766724,144,1594,5.485123379585581
26.42277193069458,145,1701,5.4876907078608825
26.594192028045654,146,1756,5.489920500161523
26.77827787399292,147,1841,5.48952403480608
26.957685947418213,148,1919,5.4900854727916375
27.13344693183899,149,1751,5.491377500775992
27.325639009475708,150,1959,5.4893501282068655
27.51795196533203,151,2008,5.487326970780183
27.693400859832764,152,1870,5.4886722208417815
27.874892950057983,153,1967,5.48881031665744
28.050134897232056,154,2037,5.4901696752694225
28.226611852645874,155,2116,5.491271882334358
28.40085196495056,156,2170,5.492792969468638
28.579036951065063,157,2130,5.493537107944746
28.75624990463257,158,2204,5.494457744803037
28.937671899795532,159,2218,5.494567792135464
29.109274864196777,160,2039,5.496529911735915
29.28510284423828,161,2088,5.497675758774945
29.458103895187378,162,1980,5.499335618354793
29.62473702430725,163,1836,5.502158546293851
29.791810989379883,164,1701,5.504868437117245
29.958977937698364,165,1710,5.507531009339777
30.12053394317627,166,1561,5.511190482651018
30.2849760055542,167,1725,5.514285366096131
30.44771695137024,168,1576,5.517655076350133
30.602558851242065,169,1428,5.522414018432344
30.760339975357056,170,1463,5.526596914604703
30.9169499874115,171,1416,5.530946618913778
31.082945823669434,172,1485,5.533581050384976
31.25304388999939,173,1503,5.535460821317248
31.421326875686646,174,1705,5.537640109483683
31.588533878326416,175,1607,5.539984877869603
31.755225896835327,176,1697,5.542394835161285
31.925123929977417,177,1621,5.54422280045712
32.121967792510986,178,1744,5.541379069606672
32.30234694480896,179,1717,5.541393023418244
32.47951102256775,180,1882,5.54195535378998
32.65597486495972,181,1866,5.542630429759895
32.83047795295715,182,1961,5.54362931483325
33.00653600692749,183,1923,5.544356425696763
33.19854688644409,184,2044,5.5424112576184
33.37744688987732,185,1987,5.542664800287844
33.554773807525635,186,2052,5.5431754976778915
33.689618825912476,187,301,5.550671290355128
33.824256896972656,188,308,5.558141323625839
33.957775831222534,189,293,5.565735545795777
34.09095883369446,190,288,5.573325201173568
34.223150968551636,191,321,5.5810173696604926
34.359987020492554,192,298,5.5878950095496185
34.489835023880005,193,282,5.595851643429754
34.621315002441406,194,283,5.6034844426423325
34.75238299369812,195,341,5.611126006391005
34.885037899017334,196,310,5.618454552561087
35.0189368724823,197,354,5.625527717113582
35.16138291358948,198,344,5.631177831844471
35.31126880645752,199,344,5.635594718805687
35.44172382354736,200,306,5.643066375544653
35.57261300086975,201,294,5.650414266590018
35.7055299282074,202,321,5.657386976363564
35.83292293548584,203,303,5.665181162181059
35.96708297729492,204,320,5.671852791864713
36.09913396835327,205,353,5.678806593524256
36.23065900802612,206,413,5.6857922444735305
36.36421585083008,207,390,5.692409286347223
36.495611906051636,208,379,5.699315318659168
36.629586935043335,209,467,5.7057700478749
36.76483702659607,210,466,5.711979624663746
36.89718198776245,211,452,5.718593904271106
37.02903699874878,212,437,5.725236657036572
37.17112183570862,213,395,5.730254818281554
37.306450843811035,214,372,5.736273356475066
37.44224500656128,215,341,5.742177050610186
37.56775999069214,216,340,5.749610837950322
37.69901180267334,217,377,5.756119049906022
37.831432819366455,218,363,5.762404005179594
37.96316981315613,219,380,5.768749055409636
38.09670281410217,220,365,5.774777966311643
38.22402596473694,221,331,5.781703900156424
38.35582685470581,222,333,5.787908075634751
38.484498023986816,223,271,5.794540956751142
38.61395001411438,224,238,5.801012326325649
38.74202299118042,225,218,5.807647165229885
38.87202596664429,226,214,5.813949604631579
39.002054929733276,227,190,5.820206150905813
39.12669897079468,228,171,5.827222995995291
39.25218391418457,229,163,5.8340702902201125
39.380435943603516,230,194,5.840463531926909
39.51242995262146,231,215,5.846261550529475
39.640859842300415,232,271,5.852547117366885
39.771770000457764,233,271,5.858426718180213
39.902040004730225,234,258,5.864361821407132
40.03193402290344,235,263,5.8703134319103745
40.15714979171753,236,226,5.876911116054241
40.28979301452637,237,233,5.882383161277358
40.4277458190918,238,265,5.887046016985832
40.557262897491455,239,260,5.8929026005545015
40.68646502494812,240,247,5.898767559502573
40.81452298164368,241,249,5.9047609133736465
40.94305992126465,242,214,5.91064762783673
41.078938007354736,243,286,5.915440169278317
41.20870494842529,244,260,5.9210790609745665
41.341317892074585,245,241,5.926274547889248
41.470175981521606,246,253,5.931973862604618
41.60223698616028,247,287,5.937180735789975
41.73095393180847,248,275,5.942830839794621
41.86396884918213,249,303,5.947835497800982
41.99679183959961,250,306,5.952835658372124
42.132709980010986,251,296,5.957366618930562
42.262324810028076,252,287,5.962757636565346
42.392472982406616,253,281,5.968040602514461
42.52542996406555,254,257,5.972896692981887
42.661619901657104,255,248,5.977269512686625
42.80861186981201,256,242,5.98010514282822
42.942245960235596,257,212,5.984782450316672
43.07518982887268,258,224,5.9895267095739255
43.20564079284668,259,238,5.994587633633273
43.336601972579956,260,235,5.999547453316895
43.46842288970947,261,232,6.004358627462143
43.61860179901123,262,245,6.006611610506487
43.747872829437256,263,240,6.011720867557964
43.8759868144989,264,264,6.016958686676437
44.008864879608154,265,236,6.021514090966472
44.13891386985779,266,315,6.0264283073274685
44.27068495750427,267,304,6.031079036981133
44.40282487869263,268,292,6.035652027369184
44.55005693435669,269,339,6.038151654808528
44.68820285797119,270,313,6.041863013782823
44.820690870285034,271,312,6.0463146537454655
44.95061492919922,272,338,6.0510851837827255
45.093639850616455,273,364,6.054068842177705
45.2302348613739,274,354,6.057894698972541
45.36564779281616,275,403,6.061855465084913
45.499934911727905,276,412,6.065942743334765
45.64129686355591,277,423,6.06906505807861
45.773584842681885,278,460,6.073371813797224
45.90801382064819,279,470,6.077370305977238
46.03991198539734,280,422,6.081679741021414
46.17627286911011,281,451,6.085376374929918
46.31179881095886,282,458,6.089161018147922
46.443365812301636,283,495,6.093442950360861
46.579394817352295,284,497,6.097116570827602
46.7147159576416,285,487,6.100861241635777
46.856334924697876,286,505,6.103763780492571
46.99963879585266,287,492,6.106429907825705
47.13441181182861,288,498,6.110185508408636
47.26979088783264,289,490,6.113841304815023
47.41285490989685,290,479,6.116484665416468
47.55696892738342,291,472,6.118977019842016
47.69759202003479,292,454,6.121902335810767
47.84256291389465,293,481,6.124253847506686
47.978317975997925,294,468,6.1277679669195395
48.13144898414612,295,458,6.129048807509809
48.26437783241272,296,472,6.1328875102833385
48.40350890159607,297,475,6.135918794726195
48.553536891937256,298,466,6.137554935765875
48.69448280334473,299,468,6.140326024357369
48.82616400718689,300,440,6.144246759910158
48.96526384353638,301,489,6.1472149105908125
49.10048699378967,302,492,6.150651826288353
49.25041699409485,303,580,6.152232173716008
49.38793087005615,304,559,6.155349994310348
0.17258882522583008,1,2874,5.794117890839768
0.42284584045410156,2,2793,4.729856152427005
0.6111948490142822,3,2721,4.908418329831011
0.8006248474121094,4,2721,4.9960977515616145
0.9881918430328369,5,2710,5.059746278267806
1.179978847503662,6,2823,5.084836912706928
1.3755319118499756,7,2978,5.088940459829525
1.571112871170044,8,3005,5.091932060897837
1.7670388221740723,9,2922,5.093266705327317
1.9587349891662598,10,2810,5.105335869992563
2.1502389907836914,11,2761,5.11571041505059
2.3371479511260986,12,2609,5.13446313666967
2.5187699794769287,13,2425,5.161249382009746
2.6945509910583496,14,2060,5.195670835867598
2.859233856201172,15,1705,5.246160599094634
3.016523838043213,16,1295,5.30411853478971
3.1837549209594727,17,1219,5.339606980450868
3.3745388984680176,18,1201,5.334062087170395
3.554905891418457,19,1266,5.344726577956958
3.7390339374542236,20,1230,5.3489752525801615
3.9231579303741455,21,1352,5.352830646304688
4.107228994369507,22,1365,5.356409401608536
4.273295879364014,23,1605,5.382262461878264
4.436781883239746,24,1726,5.409326090755481
4.610222816467285,25,1989,5.4227313939582995
4.790385007858276,26,2168,5.4275386962319105
4.974664926528931,27,2443,5.42750122847756
5.163782835006714,28,2696,5.422381400352518
5.356320858001709,29,2851,5.414164081802052
5.560030937194824,30,3277,5.395653430506945
5.802834987640381,31,3589,5.342216359077548
6.038559913635254,32,3794,5.299276724528809
6.278536796569824,33,4115,5.256001687850107
6.5367889404296875,34,4244,5.201330547742153
6.782864809036255,35,4463,5.160061564749509
7.02368688583374,36,4428,5.125513221924706
7.254530906677246,37,4605,5.100260854350252
7.487587928771973,38,4590,5.07506561011195
7.71809196472168,39,4355,5.053062360265147
7.940965890884399,40,4257,5.037170609927545
8.171100854873657,41,4536,5.017683752556491
8.404348850250244,42,4626,4.997412738138473
8.638680934906006,43,4750,4.9776117817074885
8.880965948104858,44,4460,4.9544160237872905
9.110038995742798,45,4258,4.939605639561905
9.332603931427002,46,4227,4.928956627538609
9.57555890083313,47,4075,4.908329684642295
9.825303792953491,48,4213,4.885345126368981
10.06363296508789,49,4219,4.869017001115567
10.331658840179443,50,4484,4.8394939063949565
10.580696821212769,51,4657,4.820098417124321
10.751637935638428,52,1753,4.836472387861549
10.920873880386353,53,1617,4.853091481551383
11.085527896881104,54,1609,4.871215922445409
11.249412775039673,55,1549,4.8891440913284505
11.412999868392944,56,1487,4.90668541538197
11.577530860900879,57,1365,4.923329566971646
11.756181001663208,58,1373,4.933574941708914
11.918596982955933,59,1454,4.9502470873352244
12.090918779373169,60,1314,4.9624020386571965
12.254283905029297,61,1283,4.977851049702293
12.418896913528442,62,1373,4.992391871170193
12.58292293548584,63,1393,5.006785809863779
12.76501178741455,64,1455,5.013704731796623
12.958469867706299,65,1487,5.016024319505962
13.131110906600952,66,1452,5.026231251068186
13.33637285232544,67,1559,5.023854742357277
13.504778861999512,68,1617,5.035254608377345
13.675589799880981,69,1644,5.0454862283600015
13.846056938171387,70,1598,5.055590939180749
14.01948881149292,71,1680,5.064378662779452
14.18880295753479,72,1563,5.074423840790972
14.361101865768433,73,1601,5.083175419429693
14.532248973846436,74,1512,5.092123052197714
14.701229810714722,75,1482,5.101614012273832
14.883972883224487,76,1485,5.106163562395261
15.114479780197144,77,1494,5.094452546152777
15.28917384147644,78,1572,5.101649102085671
15.459187984466553,79,1510,5.110229598047419
15.635093927383423,80,1665,5.116694557228556
15.80380392074585,81,1658,5.1253483279218806
15.978750944137573,82,1737,5.131815389492937
16.166646003723145,83,1748,5.13402718046064
16.359838008880615,84,1681,5.134525167938842
16.528066873550415,85,1747,5.142767188098934
16.69752788543701,86,1600,5.150463026027112
16.86351990699768,87,1600,5.159065276988733
17.029615879058838,88,1603,5.167468287303696
17.197402000427246,89,1616,5.175200300474974
17.370062828063965,90,1661,5.181328409163344
17.54886794090271,91,1723,5.1855196760526185
17.712390899658203,92,1605,5.194103976204326
17.871885776519775,93,1520,5.203703804003948
18.03493094444275,94,1498,5.212107564457572
18.198165893554688,95,1460,5.220306296561815
18.358998775482178,96,1390,5.229043324966324
18.51668691635132,97,1403,5.238518123581996
18.676265954971313,98,1402,5.247301587816274
18.83833599090576,99,1466,5.255241229787621
19.005451917648315,100,1458,5.261648101466126
19.164771795272827,101,1515,5.270086233164155
19.3439679145813,102,1589,5.272961599730186
19.516724824905396,103,1647,5.277524836982953
19.695990800857544,104,1670,5.2802624174393875
19.87192988395691,105,1688,5.283835068518888
20.033549785614014,106,1590,5.291124195878558
20.196078777313232,107,1606,5.298058161676207
20.355390787124634,108,1502,5.305719803144879
20.534949779510498,109,1541,5.308023694743036
20.697367906570435,110,1509,5.314685446794431
20.86066484451294,111,1702,5.321019288088355
21.023866891860962,112,1546,5.327278781590789
21.187007904052734,113,1567,5.333457206969981
21.347615957260132,114,1446,5.34017476369438
21.506398916244507,115,1419,5.347245740575222
21.672838926315308,116,1286,5.352321419191282
21.820432901382446,117,754,5.3619467830350604
21.95676279067993,118,521,5.374198424646091
22.094799995422363,119,345,5.385882652237386
22.221298933029175,120,108,5.40022436859598
22.348931789398193,121,91,5.414129012528444
22.48286199569702,122,418,5.426355417888946
22.630456924438477,123,862,5.435153183636038
22.78947877883911,124,1086,5.441107328665132
22.95143485069275,125,1410,5.446282588133138
23.110960960388184,126,1459,5.451958497786483
23.28726291656494,127,1653,5.453625033350786
23.454407930374146,128,1694,5.457396340166671
23.61631488800049,129,1519,5.462325541126031
23.778131008148193,130,1458,5.467208501603937
23.933133840560913,131,1365,5.473583228703066
24.089783906936646,132,1414,5.479501207231279
24.25161099433899,133,1395,5.484171753828888
24.435866832733154,134,1389,5.483742439637943
24.59137487411499,135,1290,5.489729658918002
24.74729585647583,136,1377,5.495549929525401
24.907169818878174,137,1259,5.5004242150451805
25.064716815948486,138,1248,5.505747422296495
25.23236584663391,139,1724,5.50879774195027
25.398876905441284,140,1665,5.512054746405237
25.575055837631226,141,1534,5.5131844440602205
25.753225803375244,142,1450,5.513872362404765
25.927446842193604,143,1573,5.5153907313112605
26.091985940933228,144,1594,5.518935980035622
26.268056869506836,145,1701,5.52001241356846
26.445109844207764,146,1756,5.520869486272079
26.614797830581665,147,1841,5.523243157274335
26.79340887069702,148,1919,5.523746557007243
26.96272587776184,149,1751,5.526147492486706
27.165454864501953,150,1959,5.521718695607421
27.340317964553833,151,2008,5.522978927888419
27.516730785369873,152,1870,5.523912022311006
27.691041946411133,153,1967,5.525252545429385
27.87029790878296,154,2037,5.5255957616251
28.047420978546143,155,2116,5.526354815958359
28.224584817886353,156,2170,5.527096359665153
28.40217900276184,157,2130,5.527744895373459
28.581317901611328,158,2204,5.528086582427763
28.759638786315918,159,2218,5.528581258664958
28.93407893180847,160,2039,5.529811416395396
29.109829902648926,161,2088,5.5307777660820125
29.285287857055664,162,1980,5.531787865317826
29.466426849365234,163,1836,5.531719228573903
29.63900899887085,164,1701,5.533248429670771
29.808758974075317,165,1710,5.535285791115978
29.97102379798889,166,1561,5.538682999916035
30.142889976501465,167,1725,5.5402783253426735
30.305574893951416,168,1576,5.543534501090442
30.46240496635437,169,1428,5.547821985383622
30.646245002746582,170,1463,5.5471722550271405
30.80988383293152,171,1416,5.550166983012918
30.970335960388184,172,1485,5.553701458711723
31.13495397567749,173,1503,5.5564559412918015
31.301649808883667,174,1705,5.558812428813812
31.46566891670227,175,1607,5.561617026584436
31.636679887771606,176,1697,5.563162778911846
31.80859398841858,177,1621,5.564533913836154
31.986238956451416,178,1744,5.5648930855029
32.162193775177,179,1717,5.565540747974518
32.33288288116455,180,1882,5.56708786722073
32.51102089881897,181,1866,5.567342857774583
32.68394589424133,182,1961,5.568483089187437
32.85343885421753,183,1923,5.570193148182646
33.04308581352234,184,2044,5.568487187861281
33.22855186462402,185,1987,5.567501128358103
33.41150784492493,186,2052,5.566944205669923
33.541528940200806,187,301,5.5751781719131275
33.670766830444336,188,308,5.583478420515648
33.80580687522888,189,293,5.590755478713016
33.93484687805176,190,288,5.598964412091909
34.06593298912048,191,321,5.606774370776781
34.198670864105225,192,298,5.614253277940177
34.32688593864441,193,282,5.622415046473094
34.4560809135437,194,283,5.630355944623526
34.597381830215454,195,341,5.6362646444447915
34.729074001312256,196,310,5.643686324391893
34.871805906295776,197,354,5.649262918283034
35.004063844680786,198,344,5.656486083403372
35.13380980491638,199,344,5.66405980748929
35.26975178718567,200,306,5.670581443464105
35.400978803634644,201,294,5.677809111293928
35.53070878982544,202,321,5.685222920682198
35.66774892807007,203,303,5.691416085982414
35.80047798156738,204,320,5.69824794252841
35.93458390235901,205,353,5.704810734890471
36.06869077682495,206,413,5.711324574396812
36.20200490951538,207,390,5.717915361797872
36.3371307849884,208,379,5.7241723687751636
36.483994007110596,209,467,5.728539478415293
36.63369679450989,210,466,5.7324272015995845
36.77259397506714,211,452,5.737968883649165
36.90294790267944,212,437,5.744798506587793
37.03676199913025,213,395,5.751042707378199
37.166754961013794,214,372,5.757833855134141
37.29975986480713,215,341,5.764112176037242
37.4308807849884,216,340,5.770636316060894
37.5735239982605,217,377,5.775343297851067
37.7229208946228,218,363,5.778979857073441
37.8605477809906,219,380,5.784385404744664
37.996572971343994,220,365,5.789995854781908
38.13072896003723,221,331,5.79585038176475
38.27244997024536,222,333,5.80051708664045
38.40293884277344,223,271,5.80684725491949
38.53370690345764,224,238,5.813092432586609
38.666496992111206,225,218,5.8189910517599985
38.80857181549072,226,214,5.823455732266614
38.96137499809265,227,190,5.826283081926979
39.10234785079956,228,171,5.830851918917137
39.236222982406616,229,163,5.836443535930632
39.36746883392334,230,194,5.8423873013092145
39.49917697906494,231,215,5.848223119242026
39.63049793243408,232,271,5.854077342039359
39.79893088340759,233,271,5.854428619768253
39.955912828445435,234,258,5.856454863256449
40.157288789749146,235,263,5.85198869451535
40.29531478881836,236,226,5.85676030170853
40.42744994163513,237,233,5.862353434168009
40.55820679664612,238,265,5.868109534361389
40.689947843551636,239,260,5.873686565510692
40.820881843566895,240,247,5.879343834847175
40.95387387275696,241,249,5.884669195123841
41.08818292617798,242,214,5.889771286182084
41.22317886352539,243,286,5.894741907325551
41.35642600059509,244,260,5.899929553789029
41.49645686149597,245,241,5.904118532763995
41.62906193733215,246,253,5.909333253060691
41.757420778274536,247,287,5.915116293018477
41.89221000671387,248,275,5.919955045586142
42.023629903793335,249,303,5.9252377905013764
42.17988085746765,250,306,5.926996352711112
42.329065799713135,251,296,5.929731621946191
42.45673894882202,252,287,5.935453504890343
42.59626388549805,253,281,5.9394880424274525
42.72369384765625,254,257,5.945178825260541
42.85455584526062,255,248,5.9503591851646975
42.983826875686646,256,242,5.95572843572948
43.123026847839355,257,212,5.9596929711550795
43.26118183135986,258,224,5.963776047675536
43.38926887512207,259,238,5.969217889921667
43.517657995224,260,235,5.974586224941945
43.6423499584198,261,232,5.98042956551761
43.77564787864685,262,245,5.985062761979131
43.90867590904236,263,240,5.989704643902481
44.045066833496094,264,264,5.9938608107464395
44.17333984375,265,236,5.9990935921385695
44.30711078643799,266,315,6.0035510164977905
44.437150955200195,267,304,6.00848601363258
44.572163820266724,268,292,6.012721327164777
44.71021890640259,269,339,6.016521649404823
44.844249963760376,270,313,6.020838796906915
44.97952485084534,271,312,6.0249636006305405
45.113088846206665,272,338,6.029292317519312
45.25236892700195,273,364,6.032833340512737
45.39677381515503,274,354,6.03567119363291
45.53209900856018,275,403,6.039695203779187
45.66629600524902,276,412,6.0438446763511475
45.79901194572449,277,423,6.048165413006449
45.93878889083862,278,460,6.051530889518952
46.0756049156189,279,470,6.055265047761173
46.21316981315613,280,422,6.058878911186236
46.346275806427,281,451,6.063054584442635
46.48257780075073,282,458,6.066789178706983
46.61541199684143,283,495,6.0709535296861805
46.75424790382385,284,497,6.074314372123024
46.89407777786255,285,487,6.077526491725592
47.04116082191467,286,505,6.079781939963598
47.18806481361389,287,492,6.082046405878456
47.32211685180664,288,498,6.0859492169781255
47.45944380760193,289,490,6.089409753127127
47.59475588798523,290,479,6.093108255088399
47.73327898979187,291,472,6.096375655697833
47.87066698074341,292,454,6.099768781526707
48.00801181793213,293,481,6.103147972700622
48.14887499809265,294,468,6.106061668349393
48.28314995765686,295,458,6.1097919306985515
48.41808199882507,296,472,6.113418536636433
48.56713795661926,297,475,6.115246079875736
48.70232892036438,298,466,6.1188038971868215
48.839515924453735,299,468,6.1220918008790495
48.971596002578735,300,440,6.126000058977099
49.10965180397034,301,489,6.129141399769917
49.248727798461914,302,492,6.132138097777051
49.38815879821777,303,580,6.135073818765928
49.522408962249756,304,559,6.138635142562127
0.17250895500183105,1,2874,5.7968005196564185
0.4162571430206299,2,2793,4.8047223537996535
0.6055951118469238,3,2721,4.953804846361292
0.7947001457214355,4,2721,5.033344993750776
0.9856760501861572,5,2710,5.072660534924926
1.1772959232330322,6,2823,5.096424680995322
1.3735640048980713,7,2978,5.096231391502904
1.5742120742797852,8,3005,5.081907406700628
1.7695159912109375,9,2922,5.0861365733355175
1.9603660106658936,10,2810,5.101088238416875
2.1512961387634277,11,2761,5.1131965524387715
2.3410069942474365,12,2609,5.125999208668593
2.525728940963745,13,2425,5.147028958317109
2.7010810375213623,14,2060,5.183109949506385
2.8688840866088867,15,1705,5.228513786951386
3.0273139476776123,16,1295,5.2852133199710964
3.184596061706543,17,1219,5.338196641143284
3.3388609886169434,18,1201,5.391060023572932
3.4950881004333496,19,1266,5.436200591808895
3.654263973236084,20,1230,5.473058363183523
3.811155080795288,21,1352,5.510140509847175
3.9685189723968506,22,1365,5.543629790614998
4.136940002441406,23,1605,5.559664869789409
4.306901931762695,24,1726,5.572451005444061
4.478817939758301,25,1989,5.581829923935047
4.658529996871948,26,2168,5.581159725805813
4.843899965286255,27,2443,5.574020973491431
5.0332911014556885,28,2696,5.562960582967685
5.226172924041748,29,2851,5.548993579334602
5.4272730350494385,30,3277,5.527637877486428
5.641282081604004,31,3589,5.495204733883059
5.855912923812866,32,3794,5.464562129992253
6.077636003494263,33,4115,5.429742745539063
6.30281400680542,34,4244,5.39441588523614
6.533873081207275,35,4463,5.356700316182601
6.768919944763184,36,4428,5.318426025683997
7.000769138336182,37,4605,5.285133571594035
7.23029899597168,38,4590,5.255660937558942
7.4643800258636475,39,4355,5.224814367016047
7.693769931793213,40,4257,5.199011713972199
7.923875093460083,41,4536,5.174236029267937
8.15584397315979,42,4626,5.1496816440111575
8.390632152557373,43,4750,5.124762856740666
8.620103120803833,44,4460,5.104347289513279
8.847039937973022,45,4258,5.086447028101708
9.073899030685425,46,4227,5.069485547992179
9.295310020446777,47,4075,5.056313333994744
9.519484043121338,48,4213,5.042290084480388
9.739799976348877,49,4219,5.03090413755791
9.96911907196045,50,4484,5.015488293306882
10.202033996582031,51,4657,4.999003141636897
10.37509799003601,52,1753,5.012000855311393
10.545643091201782,53,1617,5.025772211484934
10.712254047393799,54,1609,5.040955877361567
10.874074935913086,55,1549,5.057901506486326
11.034986972808838,56,1487,5.0747681114611956
11.195066928863525,57,1365,5.091528292076624
11.353747129440308,58,1373,5.108445638145823
11.516102075576782,59,1454,5.1232612921282215
11.67611312866211,60,1314,5.1386963571562285
11.829256057739258,61,1283,5.156706364479356
11.987623929977417,62,1373,5.172000753623641
12.14859414100647,63,1393,5.1857852249215615
12.309031963348389,64,1455,5.199434057086506
12.470601081848145,65,1487,5.212258781544393
12.634457111358643,66,1452,5.223809730666196
12.798660039901733,67,1559,5.2349230146841546
12.961766958236694,68,1617,5.246198316872891
13.131181001663208,69,1644,5.254668258038663
13.298306941986084,70,1598,5.263827967377748
13.466009140014648,71,1680,5.272534665747506
13.628899097442627,72,1563,5.282891852468871
13.793761968612671,73,1601,5.292247333693992
13.958086967468262,74,1512,5.301586110795112
14.120098114013672,75,1482,5.311577822930656
14.289330005645752,76,1485,5.318653846609477
14.449979066848755,77,1494,5.328727442702942
14.614437103271484,78,1572,5.3371881139739195
14.780319929122925,79,1510,5.344945195965587
14.951416015625,80,1665,5.350663771003086
15.118049144744873,81,1658,5.357834150721497
15.287476062774658,82,1737,5.363867760988474
15.4599609375,83,1748,5.368706967342556
15.629672050476074,84,1681,5.374392996137202
15.797950029373169,85,1747,5.380444921142255
15.96187710762024,86,1600,5.3878374968156715
16.12798500061035,87,1600,5.3943502549579225
16.29333996772766,88,1603,5.400979797530908
16.458636045455933,89,1616,5.407495478616651
16.628602027893066,90,1661,5.412361174380904
16.79823112487793,91,1723,5.417237048562236
16.963446140289307,92,1605,5.42342630377998
17.124251127243042,93,1520,5.43089442621207
17.284461975097656,94,1498,5.438410529377725
17.45541000366211,95,1460,5.442438761396564
17.6160249710083,96,1390,5.449583555767699
17.777414083480835,97,1403,5.456361625177789
17.936315059661865,98,1402,5.46377556783659
18.09545397758484,99,1466,5.470987360838421
18.25738501548767,100,1458,5.477235645475536
18.421349048614502,101,1515,5.482768918468344
18.583276987075806,102,1589,5.48880588019747
18.75178098678589,103,1647,5.4928115933405275
18.921169996261597,104,1670,5.496488854576545
19.08653712272644,105,1688,5.501259831725889
19.250208139419556,106,1590,5.506433968521037
19.416176080703735,107,1606,5.510868852613012
19.58073592185974,108,1502,5.5156251752228505
19.748307943344116,109,1541,5.519460214652814
19.91077995300293,110,1509,5.524645456362943
20.078087091445923,111,1702,5.528415107198658
20.242995977401733,112,1546,5.5327778617864265
20.416226148605347,113,1567,5.534813298868124
20.57884192466736,114,1446,5.5396703282584125
20.740762948989868,115,1419,5.54463692019588
20.900031089782715,116,1286,5.5502309782069315
21.04704713821411,117,754,5.558974578793466
21.184519052505493,118,521,5.570105212562951
21.31862711906433,119,345,5.581972954233222
21.449676990509033,120,108,5.594489840247809
21.57802414894104,121,91,5.607556983197564
21.715484142303467,122,418,5.618110984794229
21.864001989364624,123,862,5.625685547404875
22.01794195175171,124,1086,5.631770683732536
22.18205714225769,125,1410,5.635185194878526
22.348879098892212,126,1459,5.637866643891128
22.515470027923584,127,1653,5.6405662347930186
22.68428897857666,128,1694,5.642671900401413
22.85000705718994,129,1519,5.645512479586263
23.01476502418518,130,1458,5.648547785014918
23.173079013824463,131,1365,5.653111523153603
23.331289052963257,132,1414,5.657638534259854
23.493502140045166,133,1395,5.661139799727803
23.651726007461548,134,1389,5.665548466007354
23.81151008605957,135,1290,5.669527027562844
23.97096610069275,136,1377,5.673530196017826
24.127280950546265,137,1259,5.678219617072026
24.2854061126709,138,1248,5.682425048185567
24.45693302154541,139,1724,5.6834599774856285
24.625848054885864,140,1665,5.685083400497286
24.789245128631592,141,1534,5.6879505313029854
24.951173067092896,142,1450,5.691115187978
25.1180260181427,143,1573,5.693122536648039
25.28376293182373,144,1594,5.6953547772255275
25.452903985977173,145,1701,5.696795936522024
25.62061905860901,146,1756,5.698535217514241
25.79366397857666,147,1841,5.699074009884489
25.966946125030518,148,1919,5.699553551171626
26.13538098335266,149,1751,5.7010839097738
26.31099009513855,150,1959,5.701039735016104
26.48840093612671,151,2008,5.700608366813709
26.659382104873657,152,1870,5.7015575005473424
26.833590030670166,153,1967,5.701808808479393
27.00906205177307,154,2037,5.701790003103433
27.19061803817749,155,2116,5.700495655610673
27.372777938842773,156,2170,5.699092739090665
27.554924964904785,157,2130,5.697711033507164
27.73474907875061,158,2204,5.696824570194293
27.913317918777466,159,2218,5.696205677256293
28.090656042099,160,2039,5.695844189619875
28.270097970962524,161,2088,5.695063390490201
28.447087049484253,162,1980,5.694783431364972
28.619318962097168,163,1836,5.695453487760272
28.790187120437622,164,1701,5.696385345254648
28.959425926208496,165,1710,5.697626756153125
29.125601053237915,166,1561,5.699453195715103
29.29486107826233,167,1725,5.700658540549251
29.45881199836731,168,1576,5.702877631633992
29.619737148284912,169,1428,5.705654954125267
29.779518127441406,170,1463,5.708621585899585
29.938374996185303,171,1416,5.711732851959685
30.09804105758667,172,1485,5.714657630737891
30.26048493385315,173,1503,5.717026689366126
30.428345918655396,174,1705,5.718352238572452
30.593749046325684,175,1607,5.7201227523639355
30.761554956436157,176,1697,5.721427289655785
30.92513394355774,177,1621,5.723499866582543
31.08882212638855,178,1744,5.725530522718374
31.258461952209473,179,1717,5.726449377889099
31.428781032562256,180,1882,5.727234531097732
31.598554134368896,181,1866,5.728110192330957
31.77129101753235,182,1961,5.728442067386149
31.9429349899292,183,1923,5.728966360094815
32.1181640625,184,2044,5.728845510657059
32.29211902618408,185,1987,5.7289520037378985
32.46873497962952,186,2052,5.728587828158199
32.60190510749817,187,301,5.735861121716827
32.73456001281738,188,308,5.743165630648087
32.86729693412781,189,293,5.750396826936856
33.00017809867859,190,288,5.757544684512114
33.13421893119812,191,321,5.764433451610972
33.26717710494995,192,298,5.77145452991957
33.39936399459839,193,282,5.778553149431633
33.5322790145874,194,283,5.7854701708644685
33.66715097427368,195,341,5.791995887891041
33.80003809928894,196,310,5.798810031640861
33.935646057128906,197,354,5.805105335798254
34.06931114196777,198,344,5.811681932015839
34.20230293273926,199,344,5.818321660718128
34.33757305145264,200,306,5.824523465892971
34.47106695175171,201,294,5.830977041741547
34.6042320728302,202,321,5.837436287413007
34.73827910423279,203,303,5.843697650965815
34.875667095184326,204,320,5.849350478178196
35.01231908798218,205,353,5.855082020841211
35.14983892440796,206,413,5.860624295975198
35.28405404090881,207,390,5.866672796725721
35.42089605331421,208,379,5.872239925464511
35.5569851398468,209,467,5.877888667388309
35.696486949920654,210,466,5.882931849697517
35.83484101295471,211,452,5.88812435148578
35.97204899787903,212,437,5.893464673432972
36.107062101364136,213,395,5.899122986025296
36.240885972976685,214,372,5.904932902566754
36.37371110916138,215,341,5.910862363061116
36.51172208786011,216,340,5.91590830693298
36.646480083465576,217,377,5.921441827585172
36.782323122024536,218,363,5.9267599623000935
36.91629099845886,219,380,5.932340277877389
37.05179810523987,220,365,5.937633563022346
37.18459892272949,221,331,5.943320794161137
37.319119930267334,222,333,5.94869333507377
37.458723068237305,223,271,5.953219483583793
37.58962392807007,224,238,5.959091275524252
37.72162199020386,225,218,5.964748813251761
37.853692054748535,226,214,5.970355538189822
37.98620295524597,227,190,5.975853924316772
38.113210916519165,228,171,5.982177688975017
38.24109411239624,229,163,5.988322387610958
38.372884035110474,230,194,5.9938158359312865
38.50300407409668,231,215,5.999531869135577
38.63396501541138,232,271,6.005078689372253
38.76423907279968,233,271,6.010694536333432
38.89765501022339,234,258,6.015786811274311
39.0302300453186,235,263,6.02097399188111
39.16199707984924,236,226,6.026250385515541
39.291661977767944,237,233,6.0318140814226595
39.423402070999146,238,265,6.037023379447986
39.5561900138855,239,260,6.042037919124751
39.686192989349365,240,247,6.047443252226514
39.819584131240845,241,249,6.0522982662423415
39.952999114990234,242,214,6.057117246780164
40.08491110801697,243,286,6.0621314425567006
40.216115951538086,244,260,6.067219427505855
40.34634804725647,245,241,6.072420723507338
40.478477001190186,246,253,6.077303748181209
40.612776041030884,247,287,6.081830007149897
40.74463415145874,248,275,6.086691049381311
40.876116037368774,249,303,6.091576796884646
41.0101580619812,250,306,6.096050632678846
41.14266610145569,251,296,6.10072277234166
41.274065017700195,252,287,6.105528977868571
41.40874099731445,253,281,6.10982111280341
41.54351592063904,254,257,6.114070857296204
41.6747100353241,255,248,6.118818818027966
41.805294036865234,256,242,6.123626346803136
41.93767213821411,257,212,6.128141761254757
42.070712089538574,258,224,6.132532281623895
42.20303797721863,259,238,6.136998955852639
42.33320593833923,260,235,6.141750766022896
42.49115514755249,261,232,6.14245480250338
42.650859117507935,262,245,6.1429008798664615
42.78076100349426,263,240,6.147623226677024
42.91557502746582,264,264,6.151612784660136
43.04785513877869,265,236,6.155939689577722
43.18143391609192,266,315,6.160054817004882
43.31305408477783,267,304,6.164423304747653
43.445586919784546,268,292,6.16863573496705
43.578185081481934,269,339,6.172813289425139
43.71305012702942,270,313,6.176645171530798
43.846477031707764,271,312,6.180656197395864
43.97998905181885,272,338,6.18463091656343
44.11631894111633,273,364,6.188186289168485
44.25145506858826,274,354,6.191886788249319
44.38556408882141,275,403,6.1957081236973455
44.52113604545593,276,412,6.199302724849719
44.65646004676819,277,423,6.202909942030809
44.793482065200806,278,460,6.206260089254656
44.93035101890564,279,470,6.209610957248104
45.0666229724884,280,422,6.21302377528776
45.203547954559326,281,451,6.216326211439731
45.33847403526306,282,458,6.219882914027232
45.47712993621826,283,495,6.222908094616082
45.61931300163269,284,497,6.225433512991215
45.75652313232422,285,487,6.2286201068163045
45.89585208892822,286,505,6.231499950057443
46.03663206100464,287,492,6.234165862083199
46.175889015197754,288,498,6.237021227792956
46.31389093399048,289,490,6.240028513516632
46.45331692695618,290,479,6.242826544679251
46.59419393539429,291,472,6.245413332044962
46.733741998672485,292,454,6.248162195278404
46.872934103012085,293,481,6.250942161121755
47.01127505302429,294,468,6.253818890646886
47.14968299865723,295,458,6.256669848838672
47.28972291946411,296,472,6.259288101647314
47.46735596656799,297,475,6.2569316102034795
47.627246141433716,298,466,6.256922752053733
47.769784927368164,299,468,6.259186648100179
47.91581392288208,300,440,6.260980988089524
48.05776500701904,301,489,6.26329584732119
48.195640087127686,302,492,6.266126966133179
48.339375019073486,303,580,6.268181992018802
48.4848530292511,304,559,6.26999941232359
