0.21285200119018555,1,2513,4.698100062054334
0.5085790157318115,2,2391,3.93252560198956
0.7553679943084717,3,2451,3.971574150088866
1.0080130100250244,4,2470,3.9682027515703373
1.2638859748840332,5,2551,3.956053077065572
1.530545949935913,6,2566,3.920169793171666
1.7879419326782227,7,2647,3.915115962135553
2.0424320697784424,8,2635,3.91689893552632
2.2946910858154297,9,2591,3.9220965539253863
2.558229923248291,10,2620,3.908952791585904
2.8177709579467773,11,2655,3.9037949372632332
3.0714941024780273,12,2708,3.906893387917825
3.330303907394409,13,2611,3.903547652553742
3.5797688961029053,14,2462,3.9108669878776308
3.8249340057373047,15,2356,3.921636289018419
4.049843072891235,16,2110,3.950770366165668
4.2814249992370605,17,2094,3.970640616857555
4.508548974990845,18,2065,3.9924153202830746
4.729104995727539,19,1991,4.0176735380511435
4.991360902786255,20,2100,4.006923239879467
5.2085559368133545,21,2047,4.031827680216487
5.426887035369873,22,2181,4.053889431752393
5.670730113983154,23,2247,4.055915118105429
5.902825117111206,24,2376,4.065849745476688
6.143135070800781,25,2399,4.069583317291631
6.402148008346558,26,2635,4.061136975606232
6.663283109664917,27,2802,4.052056554649045
6.925787925720215,28,2798,4.0428613033351395
7.204899072647095,29,3110,4.025039033523247
7.500951051712036,30,3262,3.999492836732047
7.811424016952515,31,3450,3.9685465713707457
8.11817193031311,32,3587,3.9417741179529058
8.423913955688477,33,3655,3.917418930628542
8.742893934249878,34,3770,3.8888725238683945
9.061017990112305,35,3886,3.862700641163411
9.372009038925171,36,3787,3.8412254886310544
9.68835997581482,37,3808,3.8190158181945746
10.00471305847168,38,3783,3.79820988147409
10.320214033126831,39,3634,3.778991392505426
10.647948026657104,40,3804,3.7565923405955894
10.967274904251099,41,3762,3.738394483401498
11.287543058395386,42,3837,3.7209160383899023
11.606404066085815,43,3759,3.704851197249543
11.910303115844727,44,3527,3.6942804538253218
12.224342107772827,45,3746,3.6811796989374854
12.5362389087677,46,3515,3.669362105713232
12.856856107711792,47,3783,3.655637086255363
13.170448064804077,48,3656,3.6445229322358705
13.48384690284729,49,3620,3.633977777488189
13.804550886154175,50,3652,3.6219939650589787
14.11809492111206,51,3685,3.612385402207142
14.393553018569946,52,2980,3.612728555132414
14.662117004394531,53,2654,3.614757676815349
14.92566704750061,54,2762,3.617928755086535
15.178865909576416,55,2528,3.6234591126666618
15.42791199684143,56,2564,3.6297847700625288
15.670562982559204,57,2306,3.6373932489495773
15.919527053833008,58,2433,3.6433243150923325
16.17420196533203,59,2419,3.6477843003606156
16.416348934173584,60,2233,3.6548930727891147
16.65887188911438,61,2203,3.6617125340798142
16.91242504119873,62,2345,3.665943816393437
17.16646909713745,63,2362,3.6699451496700273
17.418564081192017,64,2337,3.674240867483736
17.66868495941162,65,2434,3.678825003067152
17.9260311126709,66,2447,3.6817965775674866
18.184194087982178,67,2627,3.684518526134732
18.44960308074951,68,2532,3.6857161480591327
18.72030806541443,69,2618,3.6858367799767553
18.980025053024292,70,2456,3.6880878610245116
19.233118057250977,71,2477,3.6915491179669986
19.489152908325195,72,2346,3.6943627226221674
19.745661973953247,73,2470,3.6970145693922656
19.9964759349823,74,2271,3.7006520669245866
20.232074975967407,75,2270,3.706985076374443
20.464890956878662,76,2183,3.713677251451705
20.715369939804077,77,2294,3.717046821937096
20.943730115890503,78,2288,3.724264950340415
21.1836678981781,79,2315,3.729288071344547
21.42944598197937,80,2420,3.7331809729133583
21.678546905517578,81,2436,3.736412793395486
21.928888082504272,82,2372,3.739359683513676
22.178025007247925,83,2424,3.7424432505994134
22.422770023345947,84,2329,3.746191925107451
22.66495394706726,85,2385,3.7502833757576908
22.903728008270264,86,2281,3.7548472444724466
23.13558292388916,87,2318,3.7604412340164646
23.357638120651245,88,2158,3.7675042119175717
23.598906993865967,89,2267,3.771361106814551
23.829413890838623,90,2147,3.776844886420018
24.057437896728516,91,2204,3.7826139421261797
24.28926992416382,92,2107,3.7876807449233034
24.512197017669678,93,2109,3.794029557324491
24.731355905532837,94,1979,3.8008429606146485
24.960108995437622,95,2072,3.8060731232129132
25.181117057800293,96,1943,3.8123805143212386
25.391256093978882,97,1987,3.8202127394163043
25.602375030517578,98,1941,3.8277698800672098
25.82276701927185,99,1997,3.833826170762997
26.041313886642456,100,1975,3.840052020235955
26.276108980178833,101,2086,3.843795901295299
26.513262033462524,102,2167,3.8471312911728957
26.73653292655945,103,2075,3.852406753071645
26.969978094100952,104,2205,3.85613957998533
27.208811044692993,105,2165,3.8590440364162832
27.433621883392334,106,2183,3.863871874102409
27.677424907684326,107,2320,3.865966590348969
27.907989978790283,108,2316,3.8698594947926606
28.154792070388794,109,2412,3.8714546258233047
28.398164987564087,110,2369,3.873489714852012
28.6388099193573,111,2515,3.875859377975543
28.94870400428772,112,2490,3.86891240393391
29.20027208328247,113,2426,3.869826954958202
29.437115907669067,114,2284,3.8726619943871707
29.683430910110474,115,2295,3.8742152262739227
29.934864044189453,116,2238,3.8750802351653353
30.164716005325317,117,1686,3.878703846551868
30.3679039478302,118,1277,3.8856814155733375
30.55906391143799,119,968,3.8940983383806906
30.706242084503174,120,446,3.9080001932428456
30.837321043014526,121,384,3.9238168526772763
31.02515697479248,122,1126,3.932292755170372
31.254431009292603,123,1890,3.935441984639858
31.4847629070282,124,2076,3.938413014770394
31.726074934005737,125,2221,3.9399768253720597
31.969213008880615,126,2342,3.9412918912016663
32.20424294471741,127,2271,3.943579739415434
32.55858111381531,128,2308,3.9313752510451643
32.78802704811096,129,2124,3.934362985937337
33.01384496688843,130,2130,3.9377418816373804
33.228631019592285,131,1968,3.942383299593646
33.4523229598999,132,2062,3.945914313879833
33.66524696350098,133,1897,3.950661646539985
33.88280200958252,134,1998,3.9548086950454384
34.09647011756897,135,1902,3.9593541364986704
34.321983098983765,136,2038,3.962475000578472
34.55249905586243,137,1975,3.964980934620866
34.78864002227783,138,2026,3.9668121522321087
35.036328077316284,139,2443,3.9673107208398743
35.285768032073975,140,2427,3.9676052926704934
35.52504110336304,141,2261,3.9690312979441424
35.76308608055115,142,2272,3.9705745661927963
35.99955701828003,143,2280,3.9722711012079057
36.23826289176941,144,2340,3.97370040694489
36.47651791572571,145,2402,3.975160138229307
36.7257080078125,146,2439,3.97541689241068
36.982162952423096,147,2589,3.9748891969653837
37.23685908317566,148,2544,3.9745564917119793
37.498855113983154,149,2540,3.9734546440709484
37.760112047195435,150,2663,3.97244583947523
38.017077922821045,151,2698,3.9718991634903404
38.268661975860596,152,2605,3.971918330875528
38.529545068740845,153,2837,3.970978627622817
38.782252073287964,154,2718,3.9708885319238725
39.03877902030945,155,2806,3.9704110602271436
39.299293994903564,156,2857,3.9695369596265646
39.55250406265259,157,2836,3.969407341474673
39.82071304321289,158,2885,3.967784299305253
40.088648080825806,159,2900,3.9662100772125783
40.34558296203613,160,2848,3.965737715341844
40.60538411140442,161,2882,3.964991429665643
40.86407804489136,162,2720,3.9643620448755605
41.12484407424927,163,2663,3.9635408636616347
41.37713289260864,164,2609,3.9635419018918046
41.62316393852234,165,2575,3.964138820482412
41.863500118255615,166,2520,3.9652680624191667
42.103776931762695,167,2622,3.966390005121293
42.333560943603516,168,2459,3.9684825999827527
42.56288003921509,169,2421,3.9705959710501904
42.78824996948242,170,2401,3.973053352760348
43.01377606391907,171,2310,3.9754705503160577
43.25439095497131,172,2496,3.9764749012199814
43.480534076690674,173,2349,3.9787919737798934
43.708847999572754,174,2507,3.980887348065106
43.93331694602966,175,2380,3.983309528278517
44.17216110229492,176,2543,3.984409990546197
44.392170906066895,177,2306,3.987189551385741
44.62462592124939,178,2515,3.9888289554319787
44.855732917785645,179,2399,3.9905712905880337
45.09551405906677,180,2581,3.991527843861217
45.331002950668335,181,2525,3.9928523133929787
45.57224988937378,182,2738,3.99365843121205
45.82072305679321,183,2575,3.9938261073090833
46.07453107833862,184,2661,3.9935295204014643
46.326409101486206,185,2585,3.993402544857831
46.58878302574158,186,2763,3.9923773045805877
46.76707696914673,187,944,3.998539402481109
46.94166302680969,188,915,4.004971018871402
47.11964988708496,189,933,4.011065456829786
47.29600501060486,190,894,4.017252619061538
47.471415996551514,191,942,4.023473831365698
47.64056706428528,192,848,4.030178728580599
47.81088399887085,193,835,4.036737743743832
47.98162508010864,194,854,4.043214452951595
48.15874910354614,195,930,4.049108492845826
48.33137392997742,196,856,4.055336814632358
48.507319927215576,197,922,4.061242721626246
48.67445611953735,198,840,4.0678420630677605
48.85870289802551,199,926,4.072969362599309
49.0337610244751,200,826,4.078822342429952
49.21257996559143,201,874,4.084321532025666
49.384259939193726,202,854,4.090372119552268
49.559338092803955,203,904,4.09609990391449
49.73820090293884,204,939,4.101475250343171
49.906068086624146,205,885,4.107716914187119
50.078306913375854,206,932,4.113557600026962
50.24679899215698,207,885,4.119665414553285
50.408612966537476,208,898,4.126278978119785
50.56830406188965,209,885,4.133023716678507
50.73181700706482,210,914,4.139414126853682
50.88710904121399,211,839,4.1464332318251556
51.031079053878784,212,848,4.154331123905291
51.171725034713745,213,761,4.162454946662549
51.3030960559845,214,696,4.171288215558619
51.43624806404114,215,655,4.179931625889828
51.56150197982788,216,577,4.1891719927884274
51.69046497344971,217,582,4.198066318642324
51.82593297958374,218,611,4.206388336238514
51.97326898574829,219,714,4.213704549930321
52.12002205848694,220,703,4.221026609565228
52.26201009750366,221,651,4.2286930714621755
52.40205502510071,222,706,4.236475075140879
52.55348300933838,223,699,4.243296299892711
52.70685911178589,224,755,4.24992123937643
52.84533405303955,225,610,4.257707970474235
52.988702058792114,226,666,4.2650601207262655
53.12990999221802,227,578,4.272546293288449
53.26620888710022,228,543,4.2803872241641
53.3946750164032,229,505,4.288817188786142
53.53435301780701,230,606,4.29630670839518
53.693932056427,231,690,4.302162109439887
53.85098195075989,232,767,4.308185136013592
54.00275492668152,233,682,4.3145946964435336
54.164215087890625,234,783,4.320195531686286
54.32716202735901,235,726,4.325644690986336
54.485652923583984,236,799,4.331415470619201
54.647680044174194,237,752,4.3368721198854585
54.81588792800903,238,824,4.34180689205602
54.97726798057556,239,770,4.347251305474891
55.13057088851929,240,718,4.35330155541667
55.29332089424133,241,796,4.358573442549361
55.45050501823425,242,730,4.364252407086664
55.611149072647095,243,764,4.3696273868133755
55.764888048172,244,732,4.375513132730093
55.923134088516235,245,774,4.381013403365577
56.08439898490906,246,784,4.3862465222493086
56.24966502189636,247,825,4.391137261063689
56.40873599052429,248,786,4.396482134286075
56.56547999382019,249,840,4.401978026655186
56.719971895217896,250,827,4.407618545048639
56.879926919937134,251,802,4.4128045444450335
57.043277978897095,252,834,4.417698437548177
57.20835304260254,253,777,4.422431105674257
57.377312898635864,254,815,4.426836796082147
57.5445659160614,255,826,4.431348050691027
57.70735692977905,256,778,4.436176141484221
57.87479591369629,257,794,4.440620410709387
58.03759002685547,258,745,4.4453947843219686
58.19769096374512,259,772,4.450348385150656
58.35703992843628,260,761,4.45533221559627
58.51368498802185,261,750,4.460495011610164
58.67384910583496,262,768,4.465362405786751
58.833712100982666,263,721,4.470226178293571
58.99604606628418,264,766,4.474876158707085
59.15701389312744,265,672,4.479604066539713
59.31902503967285,266,779,4.484227443423048
59.481950998306274,267,745,4.4887565979065265
59.64814305305481,268,775,4.493014975531157
59.799267053604126,269,747,4.4983828942061805
59.96633505821228,270,793,4.50252628808977
60.12813210487366,271,752,4.507041720959002
60.295942068099976,272,819,4.511083012730697
60.465555906295776,273,820,4.51496717276645
60.63365197181702,274,865,4.518942717277813
60.80035710334778,275,883,4.522999750356038
60.98062491416931,276,885,4.526027740589279
61.149452924728394,277,872,4.52988517069763
61.31329393386841,278,827,4.534090115919177
61.47161388397217,279,837,4.538680252101616
61.633256912231445,280,791,4.543001847180212
61.79086089134216,281,816,4.5475980743193105
61.94889998435974,282,833,4.5521389414694475
62.10667109489441,283,820,4.5566763603799805
62.26137709617615,284,771,4.561415330748317
62.4125759601593,285,811,4.5663873925333265
62.57102394104004,286,796,4.5708058137180965
62.72321105003357,287,823,4.575658599032238
62.86883306503296,288,767,4.580966211064967
63.01477789878845,289,739,4.586225797132523
63.16281199455261,290,749,4.591309203032484
63.301384925842285,291,671,4.5970558201989915
63.445192098617554,292,673,4.602397602423881
63.58827304840088,293,710,4.607767847020786
63.73510503768921,294,692,4.612842480233549
63.88921093940735,295,748,4.617368029161897
64.04305911064148,296,777,4.621890398593035
64.18776488304138,297,796,4.62705003891588
64.33121705055237,298,791,4.632276733795156
64.48242402076721,299,795,4.636922456632586
64.6338620185852,300,823,4.641529851855924
64.79160499572754,301,904,4.64566358588969
64.94889903068542,302,859,4.649809381023051
65.11048102378845,303,882,4.653628651419384
65.28536701202393,304,913,4.656479911402058
0.2131519317626953,1,2513,4.691489266507387
0.5060849189758301,2,2391,3.9519059450485567
0.7520909309387207,3,2451,3.9888793716147544
1.0028278827667236,4,2470,3.9887203664145368
1.2559800148010254,5,2551,3.980955063836831
1.5218768119812012,6,2566,3.9425004394338026
1.7834889888763428,7,2647,3.9248910667007997
2.039156913757324,8,2635,3.9231899938780597
2.2954959869384766,9,2591,3.9207212956200284
2.5637588500976562,10,2620,3.9005228590899215
2.826310873031616,11,2655,3.8919993214337927
3.0833048820495605,12,2708,3.891927804435369
3.3456130027770996,13,2611,3.885685519876048
3.597123861312866,14,2462,3.8919983130328815
3.8446919918060303,15,2356,3.9014828839263673
4.072264909744263,16,2110,3.9290174766662704
4.306854009628296,17,2094,3.94719671528109
4.538455963134766,18,2065,3.9661065671257907
4.760890960693359,19,1991,3.9908496449229554
4.986001014709473,20,2100,4.011230631722078
5.205551862716675,21,2047,4.034154409334905
5.42257285118103,22,2181,4.057114695141149
5.657535791397095,23,2247,4.065374192590002
5.88456392288208,24,2376,4.078467039278168
6.127688884735107,25,2399,4.079841596116008
6.3852479457855225,26,2635,4.071885731103186
6.645784854888916,27,2802,4.062725560569069
6.907765865325928,28,2798,4.053408952458594
7.189774990081787,29,3110,4.033505921952379
7.484745025634766,30,3262,4.008152568624843
7.793295860290527,31,3450,3.977777894710178
8.103343963623047,32,3587,3.9489870038408976
8.409031867980957,33,3655,3.9243518776107855
8.73905086517334,34,3770,3.890582687359791
9.058710813522339,35,3886,3.8636844381602238
9.37124490737915,36,3787,3.8415387022542444
9.690289974212646,37,3808,3.8182551913784515
10.0116868019104,38,3783,3.7955641993064497
10.334360837936401,39,3634,3.7738182952577883
10.662019968032837,40,3804,3.751634316942672
10.98328185081482,41,3762,3.7329461773721415
11.303293943405151,42,3837,3.7157310258665515
11.622638940811157,43,3759,3.6996761423098103
11.931305885314941,44,3527,3.6877773835431733
12.24854588508606,45,3746,3.673905492307655
12.55794095993042,46,3515,3.6630208842974903
12.880483865737915,47,3783,3.6489312427943794
13.196386814117432,48,3656,3.637359276908269
13.512526988983154,49,3620,3.6262647275339392
13.828558921813965,50,3652,3.615705749434753
14.141660928726196,51,3685,3.606365635340813
14.419553995132446,52,2980,3.6062141739996565
14.698031902313232,53,2654,3.605924953235314
14.964900970458984,54,2762,3.608443524390645
15.2151198387146,55,2528,3.6148252910932377
15.46638298034668,56,2564,3.620756066312329
15.711052894592285,57,2306,3.6280191011017022
15.96200180053711,58,2433,3.6336294610647357
16.2149019241333,59,2419,3.6386282369175413
16.461081981658936,60,2233,3.644960888163516
16.70273995399475,61,2203,3.6520954147652156
16.951385974884033,62,2345,3.6575180396377087
17.203426837921143,63,2362,3.662061087802022
17.456241846084595,64,2337,3.6663103412694236
17.706002950668335,65,2434,3.671071341233821
17.965758800506592,66,2447,3.6736550196888405
18.24706482887268,67,2627,3.6718234208268177
18.513852834701538,68,2532,3.6729253822599173
18.782027006149292,69,2618,3.6737248848278834
19.04160785675049,70,2456,3.676160150267149
19.296319007873535,71,2477,3.6794582412857944
19.5524640083313,72,2346,3.682400334265841
19.80893301963806,73,2470,3.6852060596918417
20.058037996292114,74,2271,3.68929403831419
20.29617691040039,75,2270,3.6952772106340714
20.529680013656616,76,2183,3.7019573587822014
20.770789861679077,77,2294,3.707129122810135
20.99939799308777,78,2288,3.714392194751237
21.240445852279663,79,2315,3.719319290631614
21.482731819152832,80,2420,3.7239211788081983
21.731138944625854,81,2436,3.7273702131489723
21.98244285583496,82,2372,3.7302496605027744
22.23293900489807,83,2424,3.7331996449823626
22.477579832077026,84,2329,3.737057131040697
22.716822862625122,85,2385,3.741720420765632
22.955556869506836,86,2281,3.746369582270455
23.187554836273193,87,2318,3.752012690182516
23.408554792404175,88,2158,3.759309396945558
23.641740798950195,89,2267,3.7645282027604337
23.872476816177368,90,2147,3.7700319364855686
24.103603839874268,91,2204,3.7753690528824544
24.333781003952026,92,2107,3.7807523617089496
24.55500888824463,93,2109,3.7874146339455192
24.7744460105896,94,1979,3.7942321680904834
25.004045963287354,95,2072,3.7993851130927165
25.22559690475464,96,1943,3.805658211477464
25.434358835220337,97,1987,3.813738755060687
25.650321006774902,98,1941,3.820614953478193
25.86803388595581,99,1997,3.827117299925479
26.086509943008423,100,1975,3.833398956720215
26.322487831115723,101,2086,3.8370233333571244
26.561160802841187,102,2167,3.840193610404606
26.783630847930908,103,2075,3.8456324530756056
27.018308877944946,104,2205,3.8492416557164773
27.25674295425415,105,2165,3.852257776221642
27.483613967895508,106,2183,3.856843576824431
27.726171016693115,107,2320,3.859169733014286
27.955204963684082,108,2316,3.8633234898581548
28.201136827468872,109,2412,3.865092413360807
28.44680094718933,110,2369,3.8668671462992217
28.689026832580566,111,2515,3.869075122267422
28.951382875442505,112,2490,3.868554413509622
29.20458698272705,113,2426,3.8692551983985752
29.44005799293518,114,2284,3.872274980822284
29.686011791229248,115,2295,3.873878404709683
29.93449902534485,116,2238,3.8751274875783115
30.16684889793396,117,1686,3.8784296097963677
30.371588945388794,118,1277,3.8852099642259748
30.563143014907837,119,968,3.893578613363003
30.706393003463745,120,446,3.9079809857987473
30.83627986907959,121,384,3.9239493386921205
31.026867866516113,122,1126,3.932075919647087
31.254472970962524,123,1890,3.9354367009891718
31.48658299446106,124,2076,3.9381853541177643
31.727898836135864,125,2221,3.9397503328406267
31.969843864440918,126,2342,3.941214118350636
32.20566701889038,127,2271,3.9434053617180966
32.43968892097473,128,2308,3.9457838301660852
32.668396949768066,129,2124,3.9487704339565353
32.89431691169739,130,2130,3.9520504514192036
33.11038780212402,131,1968,3.9564622674578396
33.33371186256409,132,2062,3.9599550312380463
33.54431986808777,133,1897,3.9649037608459285
33.76362895965576,134,1998,3.9687676985230738
33.97642683982849,135,1902,3.9733430662505023
34.20383381843567,136,2038,3.976162459504665
34.432777881622314,137,1975,3.9787669897269753
34.670379877090454,138,2026,3.98034288892196
34.92199492454529,139,2443,3.980299530434397
35.18773293495178,140,2427,3.9786592747763745
35.50833487510681,141,2261,3.9708986776185986
35.74971079826355,142,2272,3.9720601042427814
35.98887801170349,143,2280,3.9734497961702715
36.2302508354187,144,2340,3.9745791618761186
36.47363495826721,145,2402,3.975474343752895
36.72345781326294,146,2439,3.9756604822564134
36.98144888877869,147,2589,3.974965946902214
37.23755884170532,148,2544,3.974481802879166
37.499427795410156,149,2540,3.9733939625136694
37.75836992263794,150,2663,3.972629123220382
38.01624393463135,151,2698,3.9719862977427067
38.26652979850769,152,2605,3.972139642668295
38.52574801445007,153,2837,3.971370002799515
38.78299689292908,154,2718,3.970812271809694
39.03931498527527,155,2806,3.970356551042518
39.29839491844177,156,2857,3.9696277754792737
39.55207681655884,157,2836,3.96945021947041
39.81916880607605,158,2885,3.9679381749397695
40.08520984649658,159,2900,3.9665502715060996
40.344406843185425,160,2848,3.965853324400173
40.60332894325256,161,2882,3.965192120700608
40.86181998252869,162,2720,3.9645811192273483
41.12364983558655,163,2663,3.9636559656469785
41.37768602371216,164,2609,3.9634889178195496
41.62555980682373,165,2575,3.963910654072485
41.86804699897766,166,2520,3.9648374332830336
42.11073589324951,167,2622,3.965734543878409
42.34120583534241,168,2459,3.9677660729201434
42.565478801727295,169,2421,3.9703535531037426
42.79092001914978,170,2401,3.9728054438633627
43.01618790626526,171,2310,3.9752476526422753
43.253681898117065,172,2496,3.9765400875038006
43.480366945266724,173,2349,3.9788072676059327
43.707289934158325,174,2507,3.9810292576391175
43.936686992645264,175,2380,3.9830039991247848
44.17250299453735,176,2543,3.984379151477227
44.39545297622681,177,2306,3.986894786157069
44.64194583892822,178,2515,3.9872813932044653
44.87484693527222,179,2399,3.988871544413083
45.120638847351074,180,2581,3.9893052181500166
45.36056900024414,181,2525,3.990249769552622
45.60646390914917,182,2738,3.990662384230336
45.861082792282104,183,2575,3.9903113676765782
46.1162588596344,184,2661,3.98991601985857
46.368093967437744,185,2585,3.9898124803214317
46.634997844696045,186,2763,3.988420898386605
46.81147599220276,187,944,3.9947469298158427
46.99168395996094,188,915,4.000707873337431
47.1721248626709,189,933,4.006603487763658
47.34732699394226,190,894,4.012898130961207
47.526413917541504,191,942,4.018817837411122
47.69927096366882,192,848,4.0252187532644035
47.869640827178955,193,835,4.031782914285422
48.04159593582153,194,854,4.03816726361804
48.22006702423096,195,930,4.043959538712607
48.39132595062256,196,856,4.050312657272381
48.570576906204224,197,922,4.055953471181356
48.74082684516907,198,840,4.062302854011282
48.9282808303833,199,926,4.067177440586176
49.105127811431885,200,826,4.072894398483556
49.286332845687866,201,874,4.078209686026291
49.46001482009888,202,854,4.084107146646346
49.6362829208374,203,904,4.0897502402376755
49.81621789932251,204,939,4.095051944976625
49.98850679397583,205,885,4.100942659577597
50.16404485702515,206,932,4.1065269076114195
50.336469888687134,207,885,4.112326519077616
50.50198292732239,208,898,4.118650158734037
50.664121866226196,209,885,4.125207193995085
50.83408880233765,210,914,4.13108614608123
50.99251699447632,211,839,4.137862032243991
51.13903594017029,212,848,4.145561137445527
51.283530950546265,213,761,4.153380160297468
51.41777181625366,214,696,4.161985096607249
51.55526280403137,215,655,4.170282301095904
51.68270182609558,216,577,4.179348067498621
51.81560683250427,217,582,4.1879274076912765
51.952986001968384,218,611,4.196101452027039
52.103511810302734,219,714,4.203171578862672
52.258174896240234,220,703,4.209867651076887
52.4040470123291,221,651,4.217231542212862
52.54680585861206,222,706,4.224804845366557
52.70007300376892,223,699,4.231493189469621
52.85659599304199,224,755,4.237881683290524
52.99798083305359,225,610,4.245444759655311
53.14436101913452,226,666,4.252567829701238
53.28671383857727,227,578,4.259973709162411
53.42356896400452,228,543,4.267779267117493
53.55573296546936,229,505,4.275919445405597
53.69817090034485,230,606,4.283199895706745
53.8563449382782,231,690,4.2891882147727705
54.01669096946716,232,767,4.294968755696967
54.172913789749146,233,682,4.301042415851912
54.33594298362732,234,783,4.306541621455058
54.499151945114136,235,726,4.311993702886744
54.660444021224976,236,799,4.317564634278488
54.82758283615112,237,752,4.3226417751856765
55.0007209777832,238,824,4.327216003152702
55.16705679893494,239,770,4.332295646495576
55.32527685165405,240,718,4.337981003574947
55.49257683753967,241,796,4.342923211253151
55.649823904037476,242,730,4.348621128025574
55.807600021362305,243,764,4.354245656630697
55.965725898742676,244,732,4.35981122520349
56.123313903808594,245,774,4.365387268825799
56.28487801551819,246,784,4.370623312573865
56.45251989364624,247,825,4.3753582739147125
56.61437702178955,248,786,4.380512743336389
56.77366495132446,249,840,4.385836288946344
56.929611921310425,250,827,4.391387742912361
57.08806586265564,251,802,4.3967157795092255
57.25287485122681,252,834,4.4015256990121285
57.422146797180176,253,777,4.405965539630853
57.59455394744873,254,815,4.410139198781858
57.76330780982971,255,826,4.414567130392177
57.93030881881714,256,778,4.419102974242132
58.10166096687317,257,794,4.42328146430322
58.26532196998596,258,745,4.428019811388029
58.42660593986511,259,772,4.43291195566918
58.58884596824646,260,761,4.437704749141378
58.74827599525452,261,750,4.442683560979435
58.90971398353577,262,768,4.447483823690341
59.07344079017639,263,721,4.452085344650104
59.23500299453735,264,766,4.456824287226693
59.39243483543396,265,672,4.461847720745388
59.55454397201538,266,779,4.466493776276637
59.72224187850952,267,745,4.470696202984929
59.88498497009277,268,775,4.475245341279491
60.03799891471863,269,747,4.480495767057507
60.203086853027344,270,793,4.484819867445434
60.36152195930481,271,752,4.489615092586726
60.53034496307373,272,819,4.493613908295623
60.69686985015869,273,820,4.49776076878347
60.865530014038086,274,865,4.501727002735446
61.03051686286926,275,883,4.50594250443435
61.20941996574402,276,885,4.509109874827502
61.381375789642334,277,872,4.512769491340429
61.546167850494385,278,827,4.516934355284428
61.707517862319946,279,837,4.5213291615860625
61.86743402481079,280,791,4.52580593350148
62.02504086494446,281,816,4.530428292854485
62.18249988555908,282,833,4.535038001350764
62.34215188026428,283,820,4.539464735569861
62.49914193153381,284,771,4.544062385866267
62.64934182167053,285,811,4.5491299942343195
62.81232500076294,286,796,4.553246516452402
62.96542286872864,287,823,4.558057214962923
63.113234996795654,288,767,4.563226714881944
63.259360790252686,289,739,4.568493838536075
63.40561079978943,290,749,4.573727724439224
63.546666860580444,291,671,4.579311777885151
63.6917769908905,292,673,4.584579262747893
63.836018800735474,293,710,4.589885232576945
63.983579874038696,294,692,4.594928895488237
64.13653087615967,295,748,4.599562776003762
64.28846502304077,296,777,4.604247432162436
64.43324089050293,297,796,4.609422029612296
64.57665586471558,298,791,4.614670673320295
64.7311270236969,299,795,4.61910696982831
64.88332295417786,300,823,4.623684274183478
65.04148602485657,301,904,4.627815543528148
65.1978988647461,302,859,4.632051112973794
65.35644483566284,303,882,4.6361150879899595
65.51557779312134,304,913,4.640117819916682
0.21910595893859863,1,2513,4.564001841137675
0.5098199844360352,2,2391,3.922953318929637
0.7545931339263916,3,2451,3.9756523948078244
1.006201982498169,4,2470,3.9753449800097953
1.2639811038970947,5,2551,3.955755338892367
1.5311930179595947,6,2566,3.918513165633001
1.790766954421997,7,2647,3.9089396767762996
2.0433599948883057,8,2635,3.915120203984074
2.2988460063934326,9,2591,3.915007779977285
2.565854072570801,10,2620,3.8973377741551456
2.8285789489746094,11,2655,3.888878549417056
3.1334240436553955,12,2708,3.829676364518164
3.4100289344787598,13,2611,3.8122843676067273
3.660536050796509,14,2462,3.824576457033852
3.9044830799102783,15,2356,3.8417377391592353
4.131442070007324,16,2110,3.8727397671030723
4.3696129322052,17,2094,3.890504780115766
4.596698045730591,18,2065,3.915854341730883
4.81905198097229,19,1991,3.9426841783446727
5.0454699993133545,20,2100,3.963951822669014
5.268018960952759,21,2047,3.9863182261975
5.4893200397491455,22,2181,4.007782355682321
5.7230000495910645,23,2247,4.018871186562974
5.958827018737793,24,2376,4.027638312797292
6.205229997634888,25,2399,4.028859528096252
6.4706690311431885,26,2635,4.018131645253771
6.731020927429199,27,2802,4.0112785699378595
6.995296001434326,28,2798,4.002689806729957
7.279653072357178,29,3110,3.983706326627142
7.57846212387085,30,3262,3.9585867831291486
7.889580011367798,31,3450,3.9292332361587397
8.200669050216675,32,3587,3.902120644553326
8.511121034622192,33,3655,3.8772800745941765
8.831347942352295,34,3770,3.84992191700963
9.150273084640503,35,3886,3.8250224530184154
9.47163701057434,36,3787,3.800821332131797
9.792720079421997,37,3808,3.7783169231754328
10.111662149429321,38,3783,3.758036951634567
10.431391954421997,39,3634,3.7387148494087037
10.760036945343018,40,3804,3.7174593547573407
11.083205938339233,41,3762,3.6992906410023503
11.408746004104614,42,3837,3.681386191338586
11.727725982666016,43,3759,3.6665249566331517
12.034565925598145,44,3527,3.656135191914959
12.352743148803711,45,3746,3.6429155417481485
12.66526198387146,46,3515,3.6319817196500606
12.985448122024536,47,3783,3.6194361225226874
13.301761150360107,48,3656,3.6085447225686003
13.621032953262329,49,3620,3.597377685534794
13.938131093978882,50,3652,3.5872815130573312
14.281872987747192,51,3685,3.5709601985505883
14.560336112976074,52,2980,3.5713461280373844
14.827594995498657,53,2654,3.574416486024178
15.095284938812256,54,2762,3.577275965235863
15.347713947296143,55,2528,3.5835955888198927
15.600577116012573,56,2564,3.589610793470012
15.843446969985962,57,2306,3.5977019462987796
16.093465089797974,58,2433,3.6039472963947063
16.35089111328125,59,2419,3.6083660267345543
16.597240924835205,60,2233,3.6150586878701794
16.839770078659058,61,2203,3.6223772483274543
17.090235948562622,62,2345,3.6278024590534996
17.347058057785034,63,2362,3.631739733050976
17.605191946029663,64,2337,3.635291236596448
17.857151985168457,65,2434,3.639998139344213
18.114584922790527,66,2447,3.6434729407993958
18.373845100402832,67,2627,3.6464876912743254
18.640581130981445,68,2532,3.6479549388608428
18.910046100616455,69,2618,3.6488541399034795
19.173203945159912,70,2456,3.650928671087902
19.4346981048584,71,2477,3.653259732511667
19.690020084381104,72,2346,3.656674787097512
19.94809103012085,73,2470,3.6594980386731146
20.201240062713623,74,2271,3.663141459151573
20.453666925430298,75,2270,3.666824157909385
20.687467098236084,76,2183,3.673721854836455
20.931501150131226,77,2294,3.678665923084894
21.16347098350525,78,2288,3.6855958108569706
21.40854501724243,79,2315,3.690115322473967
21.653872966766357,80,2420,3.694489208594755
21.904109001159668,81,2436,3.6979363093797435
22.155383110046387,82,2372,3.7011321173145046
22.408061027526855,83,2424,3.7040241856731764
22.654093027114868,84,2329,3.7079392187301305
22.892388105392456,85,2385,3.713024591784624
23.135812997817993,86,2281,3.7171808057106492
23.36850595474243,87,2318,3.7229594467225287
23.592468976974487,88,2158,3.73000384512046
23.83025097846985,89,2267,3.734748747732859
24.060970067977905,90,2147,3.740497567044421
24.29650592803955,91,2204,3.7453945134959024
24.53021502494812,92,2107,3.7504767041965454
24.75590991973877,93,2109,3.7566787204152727
24.976205110549927,94,1979,3.7635821608581557
25.207410097122192,95,2072,3.768733068330796
25.429577112197876,96,1943,3.7751315948526494
25.642861127853394,97,1987,3.7827292171636087
25.8598690032959,98,1941,3.789655701175813
26.082467079162598,99,1997,3.795653214073892
26.301440000534058,100,1975,3.8020731943942794
26.539793014526367,101,2086,3.805606168243979
26.7801411151886,102,2167,3.8087924765321635
27.004405975341797,103,2075,3.8141923986052917
27.242632150650024,104,2205,3.8175459487499817
27.485116004943848,105,2165,3.820249475429293
27.711069107055664,106,2183,3.8251862311949116
27.955229997634888,107,2320,3.8275485484845797
28.187134981155396,108,2316,3.8315352047025626
28.441247940063477,109,2412,3.8324619309850414
28.685451984405518,110,2369,3.834696418930408
28.930654048919678,111,2515,3.836760821663655
29.194679021835327,112,2490,3.836315512023023
29.45278000831604,113,2426,3.8366497141558207
29.691062927246094,114,2284,3.839539200039469
29.93793511390686,115,2295,3.8412802874497465
30.18793511390686,116,2238,3.8425947174691513
30.421868085861206,117,1686,3.84591766915118
30.63077211380005,118,1277,3.8523351472043887
30.82433795928955,119,968,3.860585753931396
30.97063708305359,120,446,3.8746377634466294
31.102399110794067,121,384,3.8903751305154795
31.293522119522095,122,1126,3.8985704304563322
31.523967027664185,123,1890,3.9017931941135475
31.755336046218872,124,2076,3.9048555436327925
31.995866060256958,125,2221,3.90675469651582
32.240358114242554,126,2342,3.908145174862001
32.47769212722778,127,2271,3.9103763747279667
32.713228940963745,128,2308,3.912790150767339
32.94421601295471,129,2124,3.9157101188649657
33.171196937561035,130,2130,3.919062680936784
33.388253927230835,131,1968,3.92353551298347
33.61213207244873,132,2062,3.927153437201863
33.82272505760193,133,1897,3.932267425924251
34.041553020477295,134,1998,3.936365650515236
34.26013112068176,135,1902,3.940440260560029
34.49048399925232,136,2038,3.9431166000148967
34.71867895126343,137,1975,3.94600267459239
34.95475196838379,138,2026,3.9479610704953525
35.205793142318726,139,2443,3.9482138475930717
35.456685066223145,140,2427,3.9484796657814814
35.698039054870605,141,2261,3.949796788088899
35.93567609786987,142,2272,3.9515048948367277
36.174850940704346,143,2280,3.953022508217022
36.43048310279846,144,2340,3.9527337475505075
36.67274594306946,145,2402,3.953889905738095
36.92246603965759,146,2439,3.9542320884846824
37.181326150894165,147,2589,3.9535975506474728
37.438164949417114,148,2544,3.9531852108660646
37.700628995895386,149,2540,3.9521887026400067
37.96159315109253,150,2663,3.951362088597776
38.218616008758545,151,2698,3.9509541623745714
38.471336126327515,152,2605,3.9509935267358745
38.73587894439697,153,2837,3.9498264701731
38.99184513092041,154,2718,3.9495437951942027
39.25278306007385,155,2806,3.948764594927766
39.51931715011597,156,2857,3.947436627192386
39.77684998512268,157,2836,3.9470194361474342
40.044827938079834,158,2885,3.945578196622816
40.314095973968506,159,2900,3.9440299021629803
40.5729079246521,160,2848,3.9435181795974747
40.83455514907837,161,2882,3.9427391681438153
41.09369397163391,162,2720,3.942210698114049
41.359570026397705,163,2663,3.941046773357784
41.61408710479736,164,2609,3.9409731513993425
41.858814001083374,165,2575,3.9418221451694624
42.10319113731384,166,2520,3.9426940218999915
42.34513998031616,167,2622,3.943781980119295
42.577539920806885,168,2459,3.945742293060511
42.80409908294678,169,2421,3.9482199981013
43.030089139938354,170,2401,3.9507238631819286
43.255160093307495,171,2310,3.953285564800334
43.49953508377075,172,2496,3.9540652484851844
43.72796702384949,173,2349,3.956278139014439
43.956329107284546,174,2507,3.9584743206221082
44.186954975128174,175,2380,3.960444889187397
44.42574906349182,176,2543,3.961666459432492
44.6530499458313,177,2306,3.9638949683105418
44.89256000518799,178,2515,3.965022266037613
45.12870001792908,179,2399,3.9664337755992416
45.37261605262756,180,2581,3.96715057803188
45.61132311820984,181,2525,3.9683128579915645
45.85733604431152,182,2738,3.9688306321181646
46.10779905319214,183,2575,3.968959780294057
46.363116979599,184,2661,3.968671909633791
46.62040114402771,185,2585,3.9682198235160264
46.88199496269226,186,2763,3.9674079600924625
47.061705112457275,187,944,3.9735066877230705
47.240175008773804,188,915,3.9796634954270007
47.421278953552246,189,933,3.9855525656555986
47.59703207015991,190,894,3.991845536081587
47.77602791786194,191,942,3.9978208386928533
47.949300050735474,192,848,4.004229463138013
48.120726108551025,193,835,4.010745797239831
48.29437613487244,194,854,4.017030874531089
48.4737069606781,195,930,4.022799414911348
48.647769927978516,196,856,4.028961662377778
48.826077938079834,197,922,4.03472915129147
48.99332809448242,198,840,4.041366604411154
49.17947006225586,199,926,4.0464039109833365
49.36134314537048,200,826,4.051753604252514
49.54149293899536,201,874,4.057205144130564
49.716957092285156,202,854,4.063000067060528
49.89504599571228,203,904,4.068540191694478
50.07855701446533,204,939,4.073599803226639
50.24903607368469,205,885,4.07968024897811
50.426743030548096,206,932,4.085133951149828
50.59965395927429,207,885,4.090937067802999
50.76701211929321,208,898,4.097148745158331
50.93131113052368,209,885,4.103566064976954
51.10044002532959,210,914,4.109553653469651
51.25797200202942,211,839,4.116432854418158
51.40731906890869,212,848,4.123926394913254
51.55231714248657,213,761,4.131725047611044
51.69153308868408,214,696,4.139942988977575
51.829514026641846,215,655,4.148215626515114
51.95833992958069,216,577,4.15717669757628
52.09224009513855,217,582,4.165687626481075
52.22968912124634,218,611,4.173871291746221
52.38365602493286,219,714,4.180693304334531
52.53729796409607,220,703,4.18750123294022
52.68603014945984,221,651,4.1946603183627
52.832399129867554,222,706,4.201967044015942
52.98582410812378,223,699,4.208672862102557
53.14801597595215,224,755,4.214644627587851
53.29031205177307,225,610,4.222155797875719
53.43763613700867,226,666,4.229228991727084
53.58211898803711,227,578,4.236487923343992
53.72384810447693,228,543,4.243925333803485
53.86111497879028,229,505,4.251675816406267
54.00405693054199,230,606,4.258939292205722
54.16650915145874,231,690,4.264627786038138
54.328381061553955,232,767,4.270327874065388
54.489339113235474,233,682,4.276065810154123
54.6555449962616,234,783,4.281358826739455
54.82161903381348,235,726,4.286630058390909
54.983591079711914,236,799,4.292189639957517
55.15060496330261,237,752,4.297323667758505
55.32023096084595,238,824,4.302223542205554
55.488569021224976,239,770,4.307193431291767
55.64828610420227,240,718,4.312801288266027
55.81508994102478,241,796,4.317828749441144
55.976207971572876,242,730,4.323265343784953
56.13992500305176,243,764,4.328470335270141
56.30017304420471,244,732,4.333912078892203
56.46052002906799,245,774,4.339315328195079
56.62484407424927,246,784,4.344382823861427
56.790990114212036,247,825,4.349281452978011
56.95334315299988,248,786,4.354441482632038
57.112972021102905,249,840,4.359780119794781
57.27167797088623,250,827,4.365159339788966
57.435858964920044,251,802,4.370092212833495
57.60360598564148,252,834,4.37472612500708
57.77508497238159,253,777,4.379050244944554
57.948156118392944,254,815,4.383228337430732
58.11948108673096,255,826,4.387513364399568
58.296919107437134,256,778,4.391312678603306
58.46980595588684,257,794,4.395431039978076
58.63962912559509,258,745,4.399754975383837
58.80653095245361,259,772,4.404272719460484
58.972317934036255,260,761,4.408848237758335
59.13209009170532,261,750,4.41384702612789
59.29715704917908,262,768,4.4184243062901984
59.456242084503174,263,721,4.423421171257458
59.61879205703735,264,766,4.428133997539416
59.78424000740051,265,672,4.432606318441055
59.94768309593201,266,779,4.437202344823406
60.118452072143555,267,745,4.441232114220003
60.28233194351196,268,775,4.445747059870404
60.43388795852661,269,747,4.451145029500735
60.601935148239136,270,793,4.455303272734604
60.76279306411743,271,752,4.459966145961039
60.932806968688965,272,819,4.463933528284203
61.103771924972534,273,820,4.46780929228409
61.275022983551025,274,865,4.471642549584256
61.44367504119873,275,883,4.475643747149062
61.62604904174805,276,885,4.478625585960024
61.79893207550049,277,872,4.482278102501606
61.965035915374756,278,827,4.486401014592532
62.12364196777344,279,837,4.491043846797181
62.28849196434021,280,791,4.4952123766344885
62.449841022491455,281,816,4.49961113429892
62.61112904548645,282,833,4.503991611381571
62.7726309299469,283,820,4.508334218392452
62.92858600616455,284,771,4.51305230300549
63.080016136169434,285,811,4.518071133412154
63.2433500289917,286,796,4.52221458649634
63.39628791809082,287,823,4.52707894144858
63.54397797584534,288,767,4.532294155544936
63.6922709941864,289,739,4.537442227902014
63.84069108963013,290,749,4.542557341568405
63.982789039611816,291,671,4.548098080248449
64.12743902206421,292,673,4.553433046024684
64.27480912208557,293,710,4.558551071594264
64.4232919216156,294,692,4.563566859602773
64.58005094528198,295,748,4.56797409853316
64.73543906211853,296,777,4.572456822544537
64.8851330280304,297,796,4.577319736274501
65.03000497817993,298,791,4.582500033638172
65.18462991714478,299,795,4.586970891451781
65.33795714378357,300,823,4.5915117814261635
65.49935793876648,301,904,4.595464894196314
65.66103291511536,302,859,4.599379366913351
65.82022500038147,303,882,4.6034482561894
65.97937893867493,304,913,4.6075001749039695
0.04332900047302246,1,512,23.07923074806724
0.1409440040588379,2,476,14.190032512238608
0.22047090530395508,3,501,13.607237634662093
0.299515962600708,4,493,13.354880872684896
0.374553918838501,5,509,13.349212886371868
0.45163583755493164,6,525,13.285039629456401
0.5266718864440918,7,572,13.291007513732321
0.605827808380127,8,550,13.205072281826318
0.6804938316345215,9,536,13.225689317980041
0.7575299739837646,10,536,13.200797781520286
0.8298289775848389,11,540,13.255743408737974
0.9093708992004395,12,519,13.195935795340437
0.9856770038604736,13,572,13.188904630101526
1.062804937362671,14,518,13.172690027899868
1.1368730068206787,15,552,13.194085803785805
1.2146339416503906,16,517,13.172692982924477
1.2928190231323242,17,502,13.14955898375576
1.368708848953247,18,497,13.151080314681922
1.442018985748291,19,507,13.175970765836027
1.520643949508667,20,511,13.152322742258088
1.59670090675354,21,509,13.152118791425895
1.6756479740142822,22,473,13.129249306043373
1.7490320205688477,23,526,13.150130889267299
1.826735019683838,24,552,13.138194506258385
1.9041929244995117,25,560,13.128921801119953
1.9842920303344727,26,564,13.102910056851579
2.062152862548828,27,585,13.09311278050838
2.1427059173583984,28,589,13.067588871234072
2.2236318588256836,29,636,13.04172715681233
2.3090319633483887,30,658,12.992457651602276
2.392108917236328,31,651,12.959276133552978
2.476334810256958,32,697,12.9223236968831
2.5604000091552734,33,673,12.888611108421044
2.6429669857025146,34,656,12.864330195544467
2.7267420291900635,35,686,12.835831048673207
2.8110170364379883,36,682,12.806752692476671
2.893249988555908,37,680,12.788386812875304
2.9785139560699463,38,683,12.758039935505215
3.0641629695892334,39,735,12.72778255825869
3.1505589485168457,40,742,12.696159841360963
3.2365520000457764,41,777,12.667802031118336
3.319011926651001,42,721,12.654368507310387
3.4076759815216064,43,725,12.61857061327747
3.4958720207214355,44,711,12.586273107022897
3.5861928462982178,45,724,12.54812608486753
3.6759729385375977,46,688,12.513693862583237
3.763641834259033,47,721,12.487904553556735
3.848400831222534,48,655,12.472713239891823
3.9335620403289795,49,692,12.456902801487766
4.018962860107422,50,701,12.441020666377485
4.1077048778533936,51,695,12.41569234317817
4.188762903213501,52,598,12.414166473854861
4.267102956771851,53,563,12.420604924915045
4.3458898067474365,54,560,12.425533642422204
4.419620990753174,55,506,12.444506014219813
4.496084928512573,56,542,12.455280736551014
4.570344924926758,57,496,12.471706388968762
4.650604009628296,58,501,12.471498299988717
4.728557825088501,59,499,12.477377285514265
4.810238838195801,60,524,12.473393113782368
4.888429880142212,61,482,12.478444305357494
4.9673240184783936,62,517,12.481569506913711
5.042287826538086,63,518,12.494328401568914
5.121834993362427,64,529,12.495521640767409
5.203122854232788,65,566,12.492497644394827
5.284437894821167,66,583,12.489502443520255
5.364737033843994,67,560,12.488962567470432
5.445770978927612,68,568,12.486753530973981
5.524962902069092,69,575,12.488771639382335
5.607324838638306,70,597,12.483671271842875
5.688243865966797,71,548,12.481883982646822
5.768775939941406,72,553,12.48098396429162
5.8480448722839355,73,556,12.482804355003193
5.927309989929199,74,526,12.48458409054525
6.003413915634155,75,532,12.492891720273391
6.083298921585083,76,534,12.493221355658322
6.158089876174927,77,524,12.503877265238657
6.230166912078857,78,507,12.519728781066199
6.301793813705444,79,541,12.536113102936977
6.378129959106445,80,529,12.542861389297833
6.450484037399292,81,532,12.557197185570837
6.529867887496948,82,555,12.557681321089104
6.612025022506714,83,596,12.552886554039915
6.6896538734436035,84,551,12.556703469137737
6.764164924621582,85,584,12.566222282753593
6.842417001724243,86,530,12.568658118663125
6.920747995376587,87,573,12.570895524316223
6.998198986053467,88,510,12.574663877859571
7.072476863861084,89,537,12.583993092260489
7.14992880821228,90,502,12.587537920185667
7.226804971694946,91,522,12.592009934738451
7.30252480506897,92,498,12.598382402773789
7.378001928329468,93,509,12.605038722327512
7.452858924865723,94,485,12.612609596886148
7.523387908935547,95,473,12.627289879226918
7.59745192527771,96,450,12.63581539497414
7.669620990753174,97,473,12.647300318613839
7.745214939117432,98,469,12.652973580506872
7.814195871353149,99,452,12.669249866506943
7.890000820159912,100,448,12.674269911922929
7.961500883102417,101,495,12.68605021628065
8.039244890213013,102,491,12.687758787417328
8.114194869995117,103,495,12.693804086573778
8.192371845245361,104,524,12.694736269858025
8.268792867660522,105,520,12.698346866403911
8.34664797782898,106,518,12.699708946820989
8.42500901222229,107,530,12.700283150412474
8.506081819534302,108,537,12.696797690327516
8.581931829452515,109,523,12.701102987781908
8.66203784942627,110,542,12.699090203962323
8.743628025054932,111,572,12.69495908127938
8.82319688796997,112,577,12.69381171270324
8.901610851287842,113,544,12.69433160894151
8.98049783706665,114,531,12.69417376055362
9.05969500541687,115,571,12.693584047944274
9.141961812973022,116,589,12.688742566763805
9.222391843795776,117,522,12.686513648702746
9.298841953277588,118,442,12.68975218558352
9.374068975448608,119,423,12.694594024395377
9.443238973617554,120,222,12.707504314489452
9.503901958465576,121,162,12.731612818482366
9.582327842712402,122,413,12.731770609662872
9.656945943832397,123,474,12.736946102360283
9.734740972518921,124,552,12.737883868718315
9.81504201889038,125,521,12.735554240055267
9.894800901412964,126,507,12.733960112528123
9.966320037841797,127,512,12.742918099939104
10.045007944107056,128,522,12.74264796127829
10.121518850326538,129,493,12.745122733811659
10.195541858673096,130,455,12.750671009154086
10.264789819717407,131,464,12.762073291395115
10.339136838912964,132,449,12.767023210602774
10.407992839813232,133,448,12.778640612745333
10.48074984550476,134,456,12.78534474873219
10.551849842071533,135,472,12.793965230791882
10.626596927642822,136,488,12.79807646098113
10.698913812637329,137,477,12.80503819352003
10.776047945022583,138,487,12.806179102399195
10.85224986076355,139,548,12.808403951567342
10.928164958953857,140,529,12.810933997230041
11.001758813858032,141,481,12.816132618940312
11.080651998519897,142,487,12.815130374906433
11.151628017425537,143,490,12.823239779568343
11.22656798362732,144,511,12.826716072980426
11.300315856933594,145,512,12.83149974175559
11.379689931869507,146,539,12.829875055832428
11.455718994140625,147,540,12.832018669032264
11.539718866348267,148,557,12.825269117395273
11.62183403968811,149,575,12.82069589801152
11.7047278881073,150,571,12.815334233648347
11.779845952987671,151,564,12.818503790510311
11.860723972320557,152,581,12.815406576759
11.940675973892212,153,607,12.813344934116635
12.019906997680664,154,570,12.812079164149566
12.100701808929443,155,582,12.809174413803108
12.182628870010376,156,619,12.805117981064061
12.262512922286987,157,588,12.80324848544332
12.344223976135254,158,607,12.799508523618579
12.420101881027222,159,589,12.801827353999908
12.50305700302124,160,588,12.796870394283381
12.582722902297974,161,579,12.79532270162261
12.662199974060059,162,572,12.793985273639276
12.738659858703613,163,557,12.795694508526438
12.814352035522461,164,564,12.798150038751723
12.885352849960327,165,523,12.80523722720624
12.96459698677063,166,513,12.804100287065628
13.036617040634155,167,541,12.810071775482363
13.11152195930481,168,504,12.81315781046883
13.18572187423706,169,492,12.816894032188019
13.261430025100708,170,474,12.819130341013809
13.330461025238037,171,473,12.827763396648656
13.402809858322144,172,493,12.833129904711798
13.472684860229492,173,521,12.840796158654685
13.548381805419922,174,513,12.842862158667
13.622081995010376,175,504,12.846788036079994
13.700201034545898,176,511,12.846526817833197
13.77449893951416,177,495,12.84983219914081
13.848757982254028,178,496,12.853138182362017
13.918184041976929,179,495,12.860873190075662
13.99289584159851,180,512,12.863670396580133
14.066327810287476,181,497,12.867608550088303
14.14182996749878,182,545,12.86962157077821
14.215504884719849,183,517,12.873267709028434
14.29249382019043,184,556,12.873890471099635
14.365332841873169,185,523,12.878225797925674
14.442582845687866,186,550,12.878582867574423
14.512322902679443,187,323,12.885600827244119
14.584004878997803,188,321,12.890834963360158
14.65052580833435,189,333,12.90056087218946
14.719738006591797,190,349,12.907838435365775
14.791846990585327,191,351,12.912518640949108
14.864972829818726,192,355,12.916269824244367
14.934201955795288,193,337,12.923355434141925
15.004977941513062,194,339,12.929042665452767
15.07650899887085,195,338,12.934028694215913
15.147411823272705,196,316,12.939504272199343
15.218967914581299,197,331,12.94437317337756
15.290599822998047,198,331,12.949132296444986
15.360270977020264,199,325,12.955500609182872
15.428894996643066,200,299,12.96269110934483
15.497880935668945,201,312,12.969515047530859
15.566754817962646,202,302,12.976371913233324
15.635303974151611,203,310,12.983438015378592
15.704847812652588,204,309,12.989619666078374
15.770287036895752,205,298,12.99912928156522
15.840766906738281,206,330,13.004420885226999
15.91001582145691,207,315,13.010672165443808
15.983124017715454,208,319,13.01372621331449
16.04959201812744,209,317,13.02213786892165
16.121119022369385,210,326,13.0263910159467
16.19054102897644,211,301,13.032300750318987
16.258473873138428,212,286,13.039354225629845
16.323251962661743,213,225,13.048870438759511
16.39043688774109,214,225,13.056393887832067
16.453917980194092,215,214,13.066796629155425
16.51921796798706,216,204,13.075679515736818
16.58436894416809,217,193,13.08461001624715
16.65261197090149,218,215,13.091039434590186
16.719863891601562,219,269,13.098192749643395
16.788249969482422,220,251,13.104403401183248
16.85387396812439,221,224,13.112712271254413
16.921257972717285,222,256,13.119591956930039
16.990267038345337,223,269,13.125161570251443
17.057722806930542,224,237,13.131881818890207
17.12168598175049,225,198,13.141229213047186
17.188073873519897,226,203,13.148651888689962
17.25660991668701,227,223,13.15437974758256
17.32269287109375,228,223,13.161925902436446
17.38767695426941,229,221,13.170246985970763
17.454054832458496,230,237,13.177453732543551
17.519946813583374,231,253,13.184971533184314
17.587138891220093,232,253,13.1914577712137
17.653192043304443,233,238,13.198746120726248
17.719566822052002,234,250,13.205740430899642
17.78975796699524,235,263,13.209848073031003
17.857061862945557,236,260,13.216059943753331
17.92431402206421,237,256,13.222263329478675
17.990056037902832,238,262,13.229530775143964
18.06155490875244,239,279,13.23252628067936
18.129408836364746,240,267,13.23815917916737
18.19819188117981,241,271,13.243073903910046
18.27052593231201,242,274,13.245376783161738
18.3380069732666,243,273,13.251167389904952
18.408550024032593,244,271,13.254710429743513
18.474737882614136,245,272,13.26135188259207
18.543582916259766,246,264,13.26604470726621
18.614776849746704,247,259,13.269028256084681
18.682106971740723,248,265,13.27473396738036
18.749840021133423,249,280,13.28011330866534
18.815001010894775,250,276,13.287270080678613
18.881875038146973,251,239,13.293171334568509
18.952035903930664,252,262,13.296724493210519
19.018177032470703,253,267,13.303062620988342
19.084522008895874,254,269,13.309214654765936
19.153503894805908,255,290,13.31349091009669
19.224632024765015,256,273,13.31624967750867
19.291919946670532,257,290,13.321639355255254
19.360265016555786,258,279,13.326263859475747
19.428421020507812,259,269,13.330985555985771
19.497068881988525,260,280,13.335337817890622
19.564677953720093,261,281,13.340367810673449
19.633972883224487,262,279,13.344217268623003
19.70395302772522,263,284,13.34757546518384
19.775967836380005,264,281,13.349536274747768
19.84375786781311,265,270,13.354325413828708
19.913938999176025,266,293,13.357477895809875
19.983474016189575,267,304,13.361040216715594
20.0534930229187,268,293,13.364255279302645
20.123127937316895,269,280,13.367703114442703
20.193722009658813,270,284,13.370492070300706
20.26266884803772,271,279,13.374348760886166
20.33401083946228,272,273,13.37660347225392
20.401108980178833,273,283,13.381625492282769
20.469017028808594,274,291,13.386084911374383
20.537580966949463,275,279,13.390087198806402
20.615679025650024,276,294,13.38786850807101
20.678234815597534,277,276,13.39572755944621
20.747727870941162,278,291,13.399057560869643
20.816972970962524,279,264,13.402524967927638
20.885442972183228,280,269,13.406466904864056
20.952338933944702,281,278,13.41139053190641
21.021260023117065,282,297,13.414990333114417
21.08461880683899,283,278,13.42210654091628
21.147269010543823,284,258,13.429630079345014
21.21331000328064,285,254,13.434961350016794
21.276175022125244,286,269,13.4422658068279
21.339115858078003,287,247,13.449479439953228
21.403785943984985,288,259,13.455563457498295
21.46851086616516,289,254,13.461576436373623
21.533790826797485,290,231,13.467206138136753
21.597741842269897,291,230,13.473630814054411
21.662861824035645,292,232,13.479290149744507
21.72614288330078,293,239,13.486056939504278
21.79153084754944,294,236,13.491479880729063
21.85829186439514,295,225,13.496022554284032
21.922691822052002,296,233,13.501991562106166
21.984987020492554,297,231,13.509218801137413
22.048698902130127,298,225,13.515536736329153
22.11566996574402,299,263,13.519825556410224
22.1775119304657,300,251,13.527216260354432
22.24363088607788,301,279,13.531963443449945
22.307257890701294,302,261,13.538194675459762
22.375154972076416,303,255,13.541805649084251
22.44006896018982,304,276,13.547195444867674
0.2142019271850586,1,2513,4.668492077272748
0.5025057792663574,2,2391,3.980053727779881
0.7702980041503906,3,2451,3.8945966156421314
1.0260279178619385,4,2470,3.8985293970706913
1.2996540069580078,5,2551,3.8471777667219946
1.5703489780426025,6,2566,3.820806765817645
1.8306138515472412,7,2647,3.8238539460867598
2.086272954940796,8,2635,3.8345893240163407
2.3427038192749023,9,2591,3.8417148279485107
2.6088027954101562,10,2620,3.8331758987661613
2.8775298595428467,11,2655,3.8227231469103056
3.139129877090454,12,2708,3.8227153605770416
3.40641188621521,13,2611,3.816332385583593
3.6601879596710205,14,2462,3.8249401818310793
3.9074368476867676,15,2356,3.8388336356299946
4.133459806442261,16,2110,3.8708493004003524
4.369096994400024,17,2094,3.8909642019367627
4.597080945968628,18,2065,3.9155281822446373
4.819272994995117,19,1991,3.9425033650784607
5.046790838241577,20,2100,3.9629143828295605
5.276810884475708,21,2047,3.9796764484741454
5.499984979629517,22,2181,4.000010923935639
5.736886978149414,23,2247,4.009142952894509
5.975914001464844,24,2376,4.016122051642143
6.221375942230225,25,2399,4.01840368306662
6.499794960021973,26,2635,4.000126182428392
6.823912858963013,27,2802,3.9566742070183794
7.115924835205078,28,2798,3.9348363913955047
7.423872947692871,29,3110,3.9063168516390596
7.722146987915039,30,3262,3.8849299355411424
8.044914960861206,31,3450,3.8533657783601303
8.356056928634644,32,3587,3.8295574423795498
8.667172908782959,33,3655,3.807469903659029
8.988218784332275,34,3770,3.782729461288455
9.310521841049194,35,3886,3.759187787486666
9.626024961471558,36,3787,3.739861484266978
9.94184398651123,37,3808,3.721643595514111
10.260732889175415,38,3783,3.703439160772638
10.581511974334717,39,3634,3.6856736631394322
10.912131786346436,40,3804,3.66564487885393
11.236019849777222,41,3762,3.648978957687843
11.558494806289673,42,3837,3.6336911253483692
11.886465787887573,43,3759,3.6175597328364355
12.194528818130493,44,3527,3.608175490518502
12.513486862182617,45,3746,3.5961199700457467
12.871959924697876,46,3515,3.5736593548382793
13.245186805725098,47,3783,3.5484588242790753
13.560752868652344,48,3656,3.539626484231491
13.877619981765747,49,3620,3.5308648071054463
14.193997859954834,50,3652,3.522615720625387
14.513661861419678,51,3685,3.5139305632831763
14.793437957763672,52,2980,3.515072030481605
15.063241004943848,53,2654,3.5184991053787877
15.330403804779053,54,2762,3.522412109142631
15.583801984786987,55,2528,3.5293056247564856
15.83506989479065,56,2564,3.5364542355713016
16.075299978256226,57,2306,3.545812524624694
16.325657844543457,58,2433,3.552689916221992
16.584179878234863,59,2419,3.5576073362199727
16.831913948059082,60,2233,3.564657007227553
17.076507806777954,61,2203,3.5721589384796855
17.3293240070343,62,2345,3.577750636714567
17.583791971206665,63,2362,3.5828449348787825
17.84046697616577,64,2337,3.5873500444524082
18.09332585334778,65,2434,3.5924849044805742
18.351346969604492,66,2447,3.5964662490070305
18.611103773117065,67,2627,3.600001419409557
18.8814799785614,68,2532,3.6014126052199953
19.14991784095764,69,2618,3.6031486178193166
19.41619896888733,70,2456,3.6052370555209365
19.673661947250366,71,2477,3.608885838862506
19.93687081336975,72,2346,3.6113992348145474
20.192752838134766,73,2470,3.6151583979246644
20.448115825653076,74,2271,3.6189153382613224
20.688092947006226,75,2270,3.6252737355790567
20.93200993537903,76,2183,3.6308027864799417
21.173980951309204,77,2294,3.6365386450977715
21.403482913970947,78,2288,3.6442666977852536
21.646543979644775,79,2315,3.649543320831597
21.89372181892395,80,2420,3.6540155512002346
22.14475989341736,81,2436,3.657750203201691
22.398772954940796,82,2372,3.6609148262254325
22.6490478515625,83,2424,3.6646132121741286
22.900145769119263,84,2329,3.6680989215917394
23.141878843307495,85,2385,3.672994771752577
23.382633924484253,86,2281,3.677943223921763
23.618579864501953,87,2318,3.683540691231758
23.84544587135315,88,2158,3.6904321468662182
24.084820985794067,89,2267,3.6952734692317124
24.317269802093506,90,2147,3.701073382516477
24.54965591430664,91,2204,3.706772930653115
24.778997898101807,92,2107,3.7128216555943796
25.003188848495483,93,2109,3.719525559860581
25.224357843399048,94,1979,3.726556710921338
25.45727777481079,95,2072,3.731742287621956
25.681590795516968,96,1943,3.7380861942850503
25.8939688205719,97,1987,3.746046064708965
26.1127769947052,98,1941,3.7529520517818202
26.335819959640503,99,1997,3.7591386997525404
26.56079888343811,100,1975,3.7649469972213314
26.79697585105896,101,2086,3.7690820248288834
27.03737783432007,102,2167,3.772555187305392
27.260896921157837,103,2075,3.778305618406092
27.499918937683105,104,2205,3.7818293295944567
27.744125843048096,105,2165,3.784584909757035
27.9740629196167,106,2183,3.7892243362928855
28.218010902404785,107,2320,3.7919044106287902
28.450766801834106,108,2316,3.7960312547019885
28.69785499572754,109,2412,3.798193280167721
28.943055868148804,110,2369,3.800566204933895
29.18681788444519,111,2515,3.803086737288901
29.44887089729309,112,2490,3.8032018405939945
29.701429843902588,113,2426,3.804530643604614
29.940593957901,114,2284,3.8075396954480465
30.188929796218872,115,2295,3.8093433843555333
30.438621997833252,116,2238,3.8109478151887877
30.669554948806763,117,1686,3.8148580960921974
30.877306938171387,118,1277,3.8215768051366266
31.06771183013916,119,968,3.8303432402947895
31.21377682685852,120,446,3.844456268962095
31.343090772628784,121,384,3.860499938495746
31.533520936965942,122,1126,3.868898758368036
31.765217781066895,123,1890,3.872159821089343
31.999008893966675,124,2076,3.8751200204635046
32.241047859191895,125,2221,3.877045204793572
32.483253955841064,126,2342,3.8789217413775434
32.7197699546814,127,2271,3.881445382284218
32.952104806900024,128,2308,3.884425615604299
33.182010889053345,129,2124,3.8876486549088787
33.41022181510925,130,2130,3.891024750431604
33.627898931503296,131,1968,3.895574929222728
33.85353088378906,132,2062,3.899150149304186
34.06534790992737,133,1897,3.9042607271079994
34.28199887275696,134,1998,3.908756910510444
34.49653697013855,135,1902,3.9134362999063033
34.72505593299866,136,2038,3.916480372628037
34.95816898345947,137,1975,3.9189695565812337
35.19571781158447,138,2026,3.9209315388526633
35.44567084312439,139,2443,3.9214944080248
35.69994592666626,140,2427,3.92157456730001
35.93973398208618,141,2261,3.9232343809300345
36.17898392677307,142,2272,3.9249305698416133
36.41866588592529,143,2280,3.9265578933594365
36.660725831985474,144,2340,3.9279091379681295
36.9051239490509,145,2402,3.9289937137232944
37.153244972229004,146,2439,3.9296702107482364
37.412086963653564,147,2589,3.9292114375445784
37.66948890686035,148,2544,3.9289091595040544
37.9348418712616,149,2540,3.9277875601974857
38.19602680206299,150,2663,3.9271100310333433
38.453476905822754,151,2698,3.926823063875794
38.70645999908447,152,2605,3.926993065333158
38.968464851379395,153,2837,3.926251664865986
39.220213890075684,154,2718,3.926546663708234
39.47962999343872,155,2806,3.926075295684384
39.740866899490356,156,2857,3.925430222610483
39.998321771621704,157,2836,3.9251646830690152
40.26541781425476,158,2885,3.9239627595287203
40.53169298171997,159,2900,3.9228561232739505
40.79284691810608,160,2848,3.9222562799112537
41.05465888977051,161,2882,3.9216012105295066
41.31306481361389,162,2720,3.9212777055120864
41.5761399269104,163,2663,3.9205178808458188
41.83840894699097,164,2609,3.919843132844442
42.083881855010986,165,2575,3.9207409755702756
42.328282833099365,166,2520,3.9217277170098974
42.57222890853882,167,2622,3.922745044869013
42.80905199050903,168,2459,3.9244036526958452
43.03542184829712,169,2421,3.926997639194449
43.26117777824402,170,2401,3.929620244539268
43.48429584503174,171,2310,3.932454157919576
43.72675800323486,172,2496,3.9335182358425844
43.95493483543396,173,2349,3.9358493112936497
44.18424582481384,174,2507,3.938055221987782
44.41220784187317,175,2380,3.940358034508807
44.65216898918152,176,2543,3.9415778445755207
44.879692792892456,177,2306,3.943877263527777
45.11739492416382,178,2515,3.9452632471177402
45.35121488571167,179,2399,3.9469725441995966
45.59469294548035,180,2581,3.947827880214792
45.83454990386963,181,2525,3.9489860897427267
46.07963299751282,182,2738,3.9496842348944834
46.33127284049988,183,2575,3.9498159403044273
46.590266942977905,184,2661,3.9493227249631055
46.8463659286499,185,2585,3.9490790018113073
47.11151885986328,186,2763,3.948079036748334
47.288409948349,187,944,3.9544573438661117
47.464613914489746,188,915,3.960845448752473
47.64804196357727,189,933,3.9665848209350103
47.82693290710449,190,894,3.972657004141202
48.00806283950806,191,942,3.9784983751274643
48.1815869808197,192,848,3.9849247820839118
48.353346824645996,193,835,3.991450699367654
48.52526092529297,194,854,3.9979177092663667
48.704399824142456,195,930,4.003745055972125
48.879140853881836,196,856,4.00989044766392
49.059876918792725,197,922,4.015501309269241
49.22977089881897,198,840,4.02195655971964
49.41541790962219,199,926,4.027083214472838
49.592570781707764,200,826,4.032862117197806
49.77595496177673,201,874,4.038094299835114
49.9525249004364,202,854,4.043839633784663
50.13260579109192,203,904,4.0492608911238985
50.31217885017395,204,939,4.054684266556957
50.48392677307129,205,885,4.060698386666494
50.66273379325867,206,932,4.066105094932934
50.84055280685425,207,885,4.07155289570519
51.00721883773804,208,898,4.077854169263387
51.17159390449524,209,885,4.0842972448751516
51.34015488624573,210,914,4.090365532891292
51.49887490272522,211,839,4.09717688781652
51.64787483215332,212,848,4.104718745717291
51.792603969573975,213,761,4.11255630485636
51.93458294868469,214,696,4.12056837370675
52.07799196243286,215,655,4.128423387658515
52.20833492279053,216,577,4.137270424721196
52.340439796447754,217,582,4.145933829442667
52.50527882575989,218,611,4.151963476347561
52.660133838653564,219,714,4.1587437029878895
52.81896495819092,220,703,4.165170600638274
52.966367959976196,221,651,4.172459024696534
53.11084985733032,222,706,4.179936879118866
53.26643991470337,223,699,4.1865009254813055
53.42597985267639,224,755,4.192716738517219
53.568686962127686,225,610,4.200214953169785
53.717182874679565,226,666,4.2072198858091765
53.86316180229187,227,578,4.21438312205321
54.00454783439636,228,543,4.221866660177518
54.14083290100098,229,505,4.229709587562812
54.28374791145325,230,606,4.23699558061415
54.446165800094604,231,690,4.242723001802243
54.60739088058472,232,767,4.248509153409965
54.764267921447754,233,682,4.254599008503288
54.93104791641235,234,783,4.2598859638737245
55.09629678726196,235,726,4.265259440346471
55.259299993515015,236,799,4.270774331699749
55.428568840026855,237,752,4.275773395557243
55.60183787345886,238,824,4.280434048630749
55.76762390136719,239,770,4.285640722701487
55.92876577377319,240,718,4.291172828143184
56.0975399017334,241,796,4.296088570410788
56.25860285758972,242,730,4.301564342303114
56.42014479637146,243,764,4.306972285821359
56.58285880088806,244,732,4.31226002310386
56.746898889541626,245,774,4.31741654247741
56.911295890808105,246,784,4.322516227217593
57.07773780822754,247,825,4.327431490538083
57.23969388008118,248,786,4.3326576923972935
57.40130591392517,249,840,4.337880402466493
57.558849811553955,250,827,4.343380745419565
57.722452878952026,251,802,4.348394558463487
57.88881587982178,252,834,4.353172476755381
58.05808186531067,253,777,4.35770510963377
58.228569984436035,254,815,4.362119833406383
58.39748787879944,255,826,4.366626189969636
58.56255578994751,256,778,4.371393914538535
58.734391927719116,257,794,4.375630555880692
58.8979549407959,258,745,4.38045769601578
59.06104278564453,259,772,4.3852933809518335
59.22343993186951,260,761,4.390153633411084
59.380082845687866,261,750,4.3954132007236435
59.5406539440155,262,768,4.40035476006615
59.70431685447693,263,721,4.405041609320063
59.86543893814087,264,766,4.4098899913319265
60.02656579017639,265,672,4.414711994790953
60.18889379501343,266,779,4.419419983127149
60.355244874954224,267,745,4.423807749486867
60.52179479598999,268,775,4.428156846692804
60.67671990394592,269,747,4.433331274759736
60.84318995475769,270,793,4.437637148886654
61.00325798988342,271,752,4.4423856844652745
61.175824880599976,272,819,4.446200775075391
61.344170808792114,273,820,4.450300597442788
61.5115327835083,274,865,4.454449232542315
61.67975091934204,275,883,4.458513465134037
61.86075782775879,276,885,4.461633023773764
62.02988886833191,277,872,4.465589170858835
62.19656300544739,278,827,4.4697003590962385
62.355437994003296,279,837,4.474349134181871
62.51698684692383,280,791,4.478782713658208
62.67354083061218,281,816,4.483550734104187
62.83486986160278,282,833,4.487953911914202
62.99365782737732,283,820,4.4925157509587725
63.14828896522522,284,771,4.497350674954857
63.29993677139282,285,811,4.502374165542614
63.45763397216797,286,796,4.506943957687382
63.60860300064087,287,823,4.511968294557709
63.76050281524658,288,767,4.516902898876335
63.907824993133545,289,739,4.522137938993403
64.05642294883728,290,749,4.527258729879857
64.19618582725525,291,671,4.532979588274114
64.3424608707428,292,673,4.538216226864514
64.4878339767456,293,710,4.543492654841782
64.63455891609192,294,692,4.5486502102020765
64.78968596458435,295,748,4.553193854979546
64.94403886795044,296,777,4.557770122702894
65.09363985061646,297,796,4.56265774477485
65.23768591880798,298,791,4.567911871841653
65.39161777496338,299,795,4.5724514880327485
65.54523777961731,300,823,4.576991558237834
65.70739078521729,301,904,4.580915425235823
65.86895298957825,302,859,4.584861096058143
66.02566695213318,303,882,4.589124411566592
66.18261981010437,304,913,4.593350956372795
0.21964097023010254,1,2513,4.55288464147818
0.5072228908538818,2,2391,3.9430397090973357
0.7544028759002686,3,2451,3.9766550418036815
1.0048339366912842,4,2470,3.9807572713668433
1.2646470069885254,5,2551,3.9536724258782567
1.531458854675293,6,2566,3.9178329745412244
1.788712978363037,7,2647,3.913428305532918
2.044484853744507,8,2635,3.912966136847564
2.3055009841918945,9,2591,3.9037068566486024
2.5695550441741943,10,2620,3.8917243756550106
2.829861879348755,11,2655,3.887115509160986
3.0831618309020996,12,2708,3.8921083803404932
3.3458588123321533,13,2611,3.885400050977839
3.5928168296813965,14,2462,3.8966640003302064
3.8376970291137695,15,2356,3.9085941089685017
4.065892934799194,16,2110,3.9351749435060333
4.300405025482178,17,2094,3.953116020297157
4.556167840957642,18,2065,3.9506885234097644
4.82466983795166,19,1991,3.938093307555021
5.06699800491333,20,2100,3.9471102969858176
5.3074469566345215,21,2047,3.9567046400245522
5.533928871154785,22,2181,3.975475744669118
5.77157187461853,23,2247,3.9850495670246118
6.003926992416382,24,2376,3.9973837174093942
6.245646953582764,25,2399,4.002787891438365
6.502874851226807,26,2635,3.998231642900977
6.769685983657837,27,2802,3.9883681555065573
7.03678297996521,28,2798,3.9790910249357205
7.319644927978516,29,3110,3.9619408161659284
7.613193035125732,30,3262,3.9405279574005374
7.959913969039917,31,3450,3.8945144533690303
8.334534883499146,32,3587,3.8394464055041806
8.706054925918579,33,3655,3.7904654037681893
9.056571006774902,34,3770,3.754180249298084
9.38533091545105,35,3886,3.7292238617159015
9.69746994972229,36,3787,3.712308487331889
10.012475967407227,37,3808,3.6953896439245395
10.33375096321106,38,3783,3.677270735019926
10.650354862213135,39,3634,3.661849816701397
10.981281042098999,40,3804,3.6425622699803215
11.305402040481567,41,3762,3.626584870948433
11.62853193283081,42,3837,3.6118058790741663
11.984532833099365,43,3759,3.5879579620526276
12.297932863235474,44,3527,3.5778370632952052
12.614892959594727,45,3746,3.567212194676101
12.922940015792847,46,3515,3.5595615195756065
13.245642900466919,47,3783,3.548336638181844
13.605554819107056,48,3656,3.527970791208813
13.990136861801147,49,3620,3.502467522943985
14.343127965927124,50,3652,3.4859899541283954
14.68520998954773,51,3685,3.4728819020156676
14.979856967926025,52,2980,3.4713282050248737
15.25176191329956,53,2654,3.475008349939158
15.555095911026001,54,2762,3.4715311502337247
15.818410873413086,55,2528,3.476961146106128
16.090955018997192,56,2564,3.4802160551617765
16.335005044937134,57,2306,3.4894387753903118
16.59157085418701,58,2433,3.495750975584283
16.88267493247986,59,2419,3.4947068658232836
17.140329837799072,60,2233,3.500516067531194
17.3873929977417,61,2203,3.508289023427651
17.638139009475708,62,2345,3.5151100672634366
17.90150284767151,63,2362,3.519257602899779
18.161065816879272,64,2337,3.5240222487667583
18.418848037719727,65,2434,3.5289937713198634
18.686489820480347,66,2447,3.531963500585549
18.94502902030945,67,2627,3.536547762907867
19.214521884918213,68,2532,3.538989958078233
19.482831954956055,69,2618,3.5415795896370055
19.744848012924194,70,2456,3.545228606175179
20.000146865844727,71,2477,3.5499739315039895
20.270781993865967,72,2346,3.5519103319145526
20.540268898010254,73,2470,3.553994368937962
20.798887014389038,74,2271,3.5578826861651534
21.065006017684937,75,2270,3.560407243037786
21.299710988998413,76,2183,3.568123531781958
21.54386591911316,77,2294,3.574103194343017
21.778093814849854,78,2288,3.581580677497773
22.02454400062561,79,2315,3.5869074064714344
22.276875972747803,80,2420,3.591167814457791
22.524216890335083,81,2436,3.596129463429039
22.774346828460693,82,2372,3.6005423390464077
23.023818969726562,83,2424,3.604962326585985
23.2738618850708,84,2329,3.609199041173414
23.515942811965942,85,2385,3.614569089560308
23.75824785232544,86,2281,3.6197955562443713
23.99311590194702,87,2318,3.6260400839784226
24.228171825408936,88,2158,3.632135376706851
24.476786851882935,89,2267,3.636098174918472
24.720257997512817,90,2147,3.6407387013944263
24.954283952713013,91,2204,3.6466684506932743
25.186607837677002,92,2107,3.652734841981218
25.4092538356781,93,2109,3.660083865564567
25.62867283821106,94,1979,3.6677669808891054
25.860808849334717,95,2072,3.6735123233565807
26.099519968032837,96,1943,3.6782285696281973
26.313846826553345,97,1987,3.686272122786591
26.541290044784546,98,1941,3.6923600862896766
26.77893900871277,99,1997,3.696935116353544
27.00023889541626,100,1975,3.7036709337033558
27.242787837982178,101,2086,3.7074032437746607
27.51166796684265,102,2167,3.7075178474431816
27.739357948303223,103,2075,3.71313568944015
27.977720975875854,104,2205,3.7172434484451156
28.224763870239258,105,2165,3.720137411343025
28.45137095451355,106,2183,3.7256552652407096
28.70084500312805,107,2320,3.7281132311030656
28.930107831954956,108,2316,3.7331350656324838
29.184262990951538,109,2412,3.734889588741542
29.431144952774048,110,2369,3.7375372305939423
29.67692995071411,111,2515,3.7402790714653764
29.95599102973938,112,2490,3.7388180510806626
30.229593992233276,113,2426,3.7380588051904526
30.467286825180054,114,2284,3.7417181468808485
30.71643900871277,115,2295,3.7439235702869094
30.96673583984375,116,2238,3.7459550338123497
31.217135906219482,117,1686,3.7479415264579012
31.445574045181274,118,1277,3.7525153724481726
31.639997959136963,119,968,3.7610621895010365
31.790345907211304,120,446,3.7747308679890543
31.92383098602295,121,384,3.7902719148267896
32.112448930740356,122,1126,3.7991496775324656
32.34549689292908,123,1890,3.80269316644471
32.58437204360962,124,2076,3.805505284375079
32.83746695518494,125,2221,3.8066273555933607
33.09352993965149,126,2342,3.8073907567361465
33.336105823516846,127,2271,3.809683130727533
33.56943488121033,128,2308,3.8129923977851914
33.80649781227112,129,2124,3.8158344799967847
34.039783000946045,130,2130,3.8190607735774047
34.26273488998413,131,1968,3.8233958970477464
34.481812953948975,132,2062,3.828104983235312
34.69297504425049,133,1897,3.8336291376095604
34.913419008255005,134,1998,3.8380658155626852
35.13164401054382,135,1902,3.842689512608159
35.36154890060425,136,2038,3.8459853775714015
35.61498403549194,137,1975,3.8466955330788104
35.860546827316284,138,2026,3.8482402587034836
36.10744595527649,139,2443,3.8496214928125516
36.360190868377686,140,2427,3.8503648263782204
36.629743814468384,141,2261,3.8493307710305746
36.868573904037476,142,2272,3.8515186502629977
37.105857849121094,143,2280,3.8538389432057603
37.349143981933594,144,2340,3.855510050502234
37.614229917526245,145,2402,3.8549240624606713
37.86575698852539,146,2439,3.855726429666861
38.12994384765625,147,2589,3.8552377781441636
38.4033420085907,148,2544,3.853831262052477
38.664697885513306,149,2540,3.853644490930487
38.92314887046814,150,2663,3.8537478172483715
39.18043398857117,151,2698,3.8539644569543645
39.43064785003662,152,2605,3.854869455305154
39.69796681404114,153,2837,3.8541016651231628
39.95702004432678,154,2718,3.8541412705241362
40.21954584121704,155,2806,3.8538475946974966
40.48521304130554,156,2857,3.8532587154929643
40.741971015930176,157,2836,3.8535199963352964
41.007771015167236,158,2885,3.8529282642931686
41.27982783317566,159,2900,3.851760250613626
41.62249183654785,160,2848,3.8440754731437607
41.96259784698486,161,2882,3.8367500645951624
42.2991418838501,162,2720,3.8298649283438997
42.570080041885376,163,2663,3.8289803505096
42.89031386375427,164,2609,3.8237071549759176
43.18500781059265,165,2575,3.820770410038641
43.43620586395264,166,2520,3.82169659384919
43.680541038513184,167,2622,3.8232127173689516
43.91275691986084,168,2459,3.8257675396376
44.13925790786743,169,2421,3.8287911489757342
44.371495962142944,170,2401,3.8312884502483597
44.61702084541321,171,2310,3.8326180627898068
44.86115097999573,172,2496,3.834052320162214
45.094135999679565,173,2349,3.8364189969451754
45.33183288574219,174,2507,3.83836233665122
45.56381583213806,175,2380,3.840766994685401
45.809650897979736,176,2543,3.8419851832523313
46.04593300819397,177,2306,3.843987697426013
46.29220700263977,178,2515,3.845139636350665
46.528390884399414,179,2399,3.847113484855485
46.77856492996216,180,2581,3.847916246885721
47.017956018447876,181,2525,3.849593119891966
47.263571977615356,182,2738,3.8507457727951153
47.51868391036987,183,2575,3.8511167595713736
47.7763729095459,184,2661,3.851276034460877
48.033246994018555,185,2585,3.851498942452038
48.30236887931824,186,2763,3.8507428168733178
48.5517578125,187,944,3.851559828630046
48.808531045913696,188,915,3.8517856606491656
49.062098026275635,189,933,3.8522608613023315
49.315836906433105,190,894,3.8527177458325776
49.548051834106445,191,942,3.8548437916286544
49.772565841674805,192,848,3.857546758002126
49.99593496322632,193,835,3.8603138463548676
50.22103500366211,194,854,3.862923175236304
50.42080497741699,195,930,3.8674511461556134
50.59754490852356,196,856,3.8737057371924433
50.78243589401245,197,922,3.8792940222709453
50.95339298248291,198,840,3.885904125522509
51.13849687576294,199,926,3.8913932195436884
51.32637000083923,200,826,3.896632471704697
51.50767493247986,201,874,3.9023310654865697
51.684181928634644,202,854,3.9083524680514623
51.87237000465393,203,904,3.91345141896904
52.05488681793213,204,939,3.9189404198209696
52.22532796859741,205,885,3.925298470567088
52.40916395187378,206,932,3.930610306799884
52.58544993400574,207,885,3.936450106631837
52.7530198097229,208,898,3.9429022404829905
52.91830086708069,209,885,3.949484329154157
53.09928297996521,210,914,3.954855663102545
53.27305293083191,211,839,3.9607266411774056
53.42310285568237,212,848,3.9683206078968984
53.56749391555786,213,761,3.976292046362419
53.705090045928955,214,696,3.984724721939499
53.84215593338013,215,655,3.9931536223405204
53.969743967056274,216,577,4.002242444059931
54.10213589668274,217,582,4.010932219282406
54.24793982505798,218,611,4.018585787829354
54.40476202964783,219,714,4.025382922926051
54.55738687515259,220,703,4.032451196818519
54.705034017562866,221,651,4.039847592984746
54.851069927215576,222,706,4.047323056680245
55.00623083114624,223,699,4.054086175883378
55.168339014053345,224,755,4.060299874950725
55.30967903137207,225,610,4.0680040806669355
55.462103843688965,226,666,4.074854438211444
55.609285831451416,227,578,4.082052063894942
55.75070381164551,228,543,4.089634469374611
55.88804388046265,229,505,4.097477458502603
56.032049894332886,230,606,4.10479360354907
56.201709032058716,231,690,4.110195294385664
56.36400389671326,232,767,4.116102192192357
56.523021936416626,233,682,4.122214135367785
56.69046092033386,234,783,4.127678558282252
56.85552787780762,235,726,4.133283231580502
57.019553899765015,236,799,4.138931013295293
57.192286014556885,237,752,4.143915491324782
57.36664795875549,238,824,4.148752079276329
57.53360104560852,239,770,4.154094227659032
57.69478702545166,240,718,4.159821231234039
57.86463689804077,241,796,4.16489263424653
58.02703785896301,242,730,4.1704696453434424
58.18937397003174,243,764,4.176020180680205
58.34861397743225,244,732,4.1817617140721275
58.51636290550232,245,774,4.186863089827521
58.68051099777222,246,784,4.192192532361201
58.85012984275818,247,825,4.197102039705944
59.015543937683105,248,786,4.202282711515346
59.17947602272034,249,840,4.207539788023863
59.352131843566895,250,827,4.2121486159742245
59.53037786483765,251,802,4.216334735349568
59.7179958820343,252,834,4.219833507102208
59.887677907943726,253,777,4.224575218777035
60.061245918273926,254,815,4.22901650001768
60.23683285713196,255,826,4.233290296068551
60.45406794548035,256,778,4.234619913929862
60.643064975738525,257,794,4.237912448897792
60.81229496002197,258,745,4.242563122631851
60.98097085952759,259,772,4.247226574936272
61.144006967544556,260,761,4.252256482601948
61.31055283546448,261,750,4.257015928406816
61.477733850479126,262,768,4.261705557287033
61.63798689842224,263,721,4.2668492797050135
61.79765295982361,264,766,4.272006902456859
61.95627498626709,265,672,4.277210017205498
62.117631912231445,266,779,4.282198013856071
62.2830970287323,267,745,4.2868773830695694
62.44743299484253,268,775,4.291609552984089
62.60073685646057,269,747,4.297074020339402
62.76888298988342,270,793,4.301494421105381
62.93097496032715,271,752,4.306305442921286
63.102627992630005,272,819,4.310438545154853
63.2719030380249,273,820,4.314711378855375
63.44066786766052,274,865,4.318996145683297
63.60708498954773,275,883,4.3234177457619625
63.78656888008118,276,885,4.326929710216587
63.95650291442871,277,872,4.331068575944734
64.12186884880066,278,827,4.335494348356002
64.27937483787537,279,837,4.340428025376574
64.43884587287903,280,791,4.3452050732312415
64.59602999687195,281,816,4.350112538086433
64.75502586364746,282,833,4.354874331975377
64.9109239578247,283,820,4.359820855174958
65.06891584396362,284,771,4.364603225924908
65.21750998497009,285,811,4.369992047621576
65.37588000297546,286,796,4.374702107061247
65.52875685691833,287,823,4.379756518602403
65.67513298988342,288,767,4.385221420782862
65.82209801673889,289,739,4.390622734731212
65.97187995910645,290,749,4.395812279106801
66.11262202262878,291,671,4.401580078012904
66.25980997085571,292,673,4.406894618750579
66.40542793273926,293,710,4.412289915468565
66.5521650314331,294,692,4.4175873145695785
66.70604991912842,295,748,4.4223874799608955
66.85963487625122,296,777,4.427185409370823
67.00647497177124,297,796,4.432407466966757
67.15112590789795,298,791,4.437751355185407
67.3074300289154,299,795,4.442303024666802
67.46019196510315,300,823,4.4470670963282855
67.62087988853455,301,904,4.451287834410981
67.77777600288391,302,859,4.455737821600255
67.93352484703064,303,882,4.460242578053773
68.08975291252136,304,913,4.464695302838967
